,video,ped_id,frame,pose_0_x,pose_0_y,pose_0_z,pose_1_x,pose_1_y,pose_1_z,pose_2_x,pose_2_y,pose_2_z,pose_3_x,pose_3_y,pose_3_z,pose_4_x,pose_4_y,pose_4_z,pose_5_x,pose_5_y,pose_5_z,pose_6_x,pose_6_y,pose_6_z,pose_7_x,pose_7_y,pose_7_z,pose_8_x,pose_8_y,pose_8_z,pose_9_x,pose_9_y,pose_9_z,pose_10_x,pose_10_y,pose_10_z,pose_11_x,pose_11_y,pose_11_z,pose_12_x,pose_12_y,pose_12_z,pose_13_x,pose_13_y,pose_13_z,n_group,p_speed,v_dist,v_angle,v_speed,e_dist,e_angle,e_loc,crossing
0,26,19,124,-0.12787242,-0.60031325,-0.004776947,-0.15936437,-0.46308005,0.17567462,-0.3858983,-0.44265148,0.14130302,-0.18260223,-0.4497673,-0.24399215,-0.18857794,-0.22833984,-0.15512007,-0.3746482,-0.25410053,-0.03416875,0.026654359,-0.15319294,0.08827961,-0.02446025,0.15442662,0.25670362,0.16119152,0.44614872,0.3429723,0.018403279,-0.1115925,-0.013892596,-0.09499049,0.21626315,0.009278908,0.059867635,0.5272577,0.09458986,-0.30950812,-0.709108,-0.17150828,-0.32297432,-0.6776668,-0.2254636,1,0,0.901503286416642,,0,0.537134575659364,,6,0
1,26,19,125,-0.0830954,-0.5886139,0.115860224,-0.10270938,-0.4284873,0.28209296,-0.31340566,-0.38617355,0.37409422,-0.1407739,-0.5311745,-0.17316931,-0.18678336,-0.29390258,-0.18110713,-0.3946224,-0.28946206,-0.087035805,-0.005310052,-0.13852297,0.07516995,-0.35530427,-0.08774775,0.11441266,-0.12910004,0.18983445,0.10825432,0.0019751824,-0.120376945,-0.030282624,-0.22573714,0.12605548,-0.1254884,0.09095499,0.23607086,0.0047100782,-0.2431539,-0.7864613,-0.012654958,-0.2585287,-0.7756926,-0.07457427,1,0.455612520955504,0.904810181983156,1.41553235968215,0,0.524013270334002,0.335226322737714,6,0
2,26,19,126,-0.081105985,-0.559088,0.1884618,-0.057972353,-0.35931998,0.3115376,-0.24203283,-0.2220545,0.37172824,-0.121492624,-0.5629516,-0.11723279,-0.18583785,-0.3495294,-0.2201607,-0.4129122,-0.3115707,-0.19673744,-0.0061238976,-0.12067773,0.062442593,-0.28969502,0.09344271,0.13626933,-0.13680682,0.41800344,0.21811372,0.009999134,-0.12828898,-0.048828304,-0.23842499,-0.019244812,-0.2794922,0.06344113,0.16853967,-0.17996727,-0.23013961,-0.7896905,0.08206881,-0.23626766,-0.7934692,0.0177605,1,0.323558521270526,0.909030969214282,1.91945778733108,0,0.531620509853649,0.019539323888425,6,0
3,26,19,127,-0.06636649,-0.49989787,0.26671672,-0.06700869,-0.28749502,0.37188092,-0.18792716,-0.10066162,0.4589464,-0.0924692,-0.5655776,-0.03833871,-0.045175407,-0.38674724,-0.20176826,-0.17654392,-0.26818892,-0.3538947,0.00041113654,-0.10913373,0.041931696,-0.15501015,0.21724787,0.06731611,0.09875557,0.47583756,0.0033910722,-0.0075902985,-0.14137837,-0.06505131,-0.35021907,-0.15398718,-0.16032547,-0.14617795,0.14657894,-0.2265133,-0.20515671,-0.7609805,0.21357152,-0.20683652,-0.7818527,0.15200174,1,0.465031749245316,0.914677537016255,1.97299527040412,0,0.531804860049901,0.042214488148991,6,0
4,26,19,128,-0.08642024,-0.54914397,0.20623949,-0.04323928,-0.3275752,0.25894454,-0.117174774,-0.10796605,0.28795034,-0.08410238,-0.58005404,-0.11171775,-0.041724235,-0.38420296,-0.24616864,-0.1408368,-0.24317464,-0.3960374,-0.0048903693,-0.12539648,0.059603672,-0.16956808,0.1766357,0.13543881,-0.021170422,0.50019413,0.16091135,0.0054384125,-0.13782126,-0.051408626,-0.29462892,-0.07339543,-0.20884532,-0.06303908,0.19952556,-0.21414676,-0.22139864,-0.80908567,0.09664087,-0.21459328,-0.8207556,0.033137273,1,0.60591520768848,0.914439351929198,1.43392559794689,0,0.540772665351301,0.303367972484147,6,0
5,26,19,129,-0.20310971,-0.60868967,0.13691875,-0.18917258,-0.46166962,0.3092594,-0.31362808,-0.31716746,0.43575004,-0.28972012,-0.49676538,-0.16894466,-0.25621223,-0.2817945,-0.25964555,-0.407603,-0.11697547,-0.27988744,0.058854207,-0.17704332,0.072707064,0.21074493,0.049573824,0.27672496,0.51935256,0.20352201,0.26433092,0.009404179,-0.1385563,-0.021472814,-0.27489737,0.0190783,0.045957178,-0.2533046,0.35842568,-0.01626828,-0.43853775,-0.74597985,-0.0004334543,-0.4529397,-0.7306614,-0.06233405,1,0.522683883887806,0.911573849391874,0.673437545867534,0.107724544403835,0.532819967488525,0.126755721519316,6,0
6,26,19,130,-0.13577217,-0.60636955,0.17427866,0.0154921785,-0.4593354,0.27966005,0.06862684,-0.27842093,0.423454,-0.30654097,-0.5445074,-0.12890562,-0.32804686,-0.33150262,-0.24604455,-0.5219822,-0.20988682,-0.2027547,0.047002774,-0.17737046,0.09225087,-0.13244495,-0.071141,0.3764304,-0.13852412,0.19859076,0.616605,0.0074020782,-0.13583821,-0.01412241,-0.11776987,0.18383475,-0.012728124,0.103486985,0.4646618,-0.06537692,-0.41273797,-0.7588146,0.10965578,-0.43965718,-0.74769264,0.0503425,1,0.52556612118424,0.907347754795018,0.446747130228864,0,0.5239746042427,0.182981612719847,6,0
7,26,19,131,-0.10000558,-0.61416245,0.21031936,0.08681294,-0.47240466,0.26875582,0.17287919,-0.29133493,0.4062179,-0.30826005,-0.578512,-0.077471234,-0.34884474,-0.39542994,-0.24245879,-0.55396146,-0.30083743,-0.16579595,0.052172724,-0.16960356,0.082924396,-0.0772095,0.005814269,0.37357196,0.077709556,0.30942395,0.5276129,0.0013164429,-0.1402002,-0.025550248,-0.11660849,0.19191813,-0.05859213,0.086909674,0.48727962,-0.1645735,-0.3968355,-0.7659792,0.18812549,-0.42922306,-0.7557503,0.13117346,1,0.268180762954159,0.905439920084874,0.107255448193682,0,0.518315785329299,0.088546479902686,6,0
8,26,19,132,-0.13316336,-0.6072802,0.20150656,0.07891391,-0.495197,0.2562834,0.17921643,-0.31594184,0.39477065,-0.3319228,-0.56545126,-0.092950836,-0.409414,-0.35557887,-0.21391639,-0.5997059,-0.26323578,-0.09412394,0.0360742,-0.16745633,0.093447104,-0.2758435,-0.01829511,0.2274659,-0.1383431,0.33100998,0.3022316,0.030850213,-0.1464012,-0.028024988,0.1880587,0.17586781,-0.07434723,0.49931067,0.3983207,-0.06271783,-0.43742383,-0.73786426,0.17144677,-0.46726972,-0.7239336,0.11342968,1,0.439931923290721,0.905598996061203,0.017196741988431,0.05756304106745,0.507735354392275,0.014560855120318,6,0
9,26,19,133,-0.122831896,-0.5869475,0.23607548,0.064535044,-0.4457721,0.3075497,0.107584305,-0.24547595,0.4456656,-0.3238886,-0.58414906,-0.053232037,-0.39712843,-0.38030273,-0.18520287,-0.55377793,-0.2461003,-0.0581671,0.037565954,-0.16108268,0.08751445,-0.27161476,0.007398516,0.20370476,-0.091174245,0.34435922,0.2102366,0.025231488,-0.1451665,-0.0335372,0.1712304,0.18442127,-0.06400701,0.5144847,0.351584,-0.08464943,-0.41818136,-0.7201241,0.2227897,-0.4467678,-0.7154157,0.16291413,1,0.258785594211886,0.906334833488242,1.80603154224642,0,0.500305653510546,0.087951336523915,6,0
10,26,19,134,-0.090848,-0.59519887,0.24746872,0.08932963,-0.4483835,0.30399677,0.077060066,-0.255095,0.4468551,-0.29788697,-0.58776957,-0.033285473,-0.35358202,-0.4013575,-0.18649109,-0.5098927,-0.28804538,-0.050695837,0.046742845,-0.15511811,0.07226898,-0.0035524853,0.15829514,0.2442046,0.34143698,0.2437981,0.13940948,-0.0035312772,-0.1425901,-0.03776653,-0.26214597,0.08953337,0.019106932,-0.009728059,0.36099747,0.023293363,-0.38234052,-0.72285783,0.24194366,-0.41301915,-0.72090024,0.18343982,1,0.459765533792736,0.909042834959489,1.98427815651417,0,0.491578355857468,0.120806510241596,6,0
11,26,19,135,-0.12335976,-0.62908113,0.17849228,-0.010426573,-0.4521558,0.28797108,-0.13134816,-0.28678453,0.4099023,-0.30957082,-0.56388986,-0.10474958,-0.34737396,-0.33546293,-0.18560347,-0.5071712,-0.26871577,-0.028515592,0.052456036,-0.17392224,0.08299885,-0.062427785,0.043697968,0.34251398,0.24670087,0.2238822,0.2649247,-5.4859556E-06,-0.13678956,-0.017971344,-0.113749795,0.1751132,0.08783293,0.13500649,0.4438675,0.09549376,-0.39300704,-0.7673192,0.1386267,-0.42882788,-0.7505391,0.08580578,1,0.407341048543594,0.910927731531963,1.9585896692246,0.07953449927148,0.487258083849135,0.02922898689716,6,0
12,26,19,136,-0.17881426,-0.5886918,0.2084577,-0.099570386,-0.38859242,0.30646402,-0.27430964,-0.2310181,0.34552762,-0.34497768,-0.5309859,-0.074887164,-0.3559913,-0.29261944,-0.1317543,-0.45455313,-0.2745536,0.0796372,0.051272944,-0.17334557,0.079210006,-0.17556931,-0.020804018,0.31135625,0.098223254,0.20341364,0.21850559,0.0069152275,-0.1399342,-0.023763744,-0.17388982,0.14543219,0.06606402,0.18099248,0.19321993,-0.010739464,-0.43988377,-0.71640307,0.17016988,-0.47510684,-0.69835865,0.117109485,1,0.623609992612878,0.912332778692784,0.042612742418478,0.070920099136114,0.474363770001803,0.076581022588737,6,0
13,26,19,137,-0.2538787,-0.48750374,0.221602,-0.11952335,-0.29651326,0.28460318,-0.28124318,-0.117540374,0.24865355,-0.3263478,-0.4840419,-0.08200609,-0.26801437,-0.2525162,-0.16026172,-0.4492303,-0.25398886,-0.0059997886,0.032953434,-0.13913769,0.06541417,-0.2517249,0.07951762,0.16757622,0.10417153,0.20648381,0.12688126,0.018267611,-0.14033097,-0.04923083,-0.29930833,0.018106982,-0.13757186,0.046040207,0.17736481,-0.117223084,-0.5029278,-0.5917805,0.14296369,-0.519028,-0.5819427,0.07979716,1,0.494174839740398,0.910274133688012,0.715287515115256,0.06935379620338,0.4609207796488,0.010354387182657,6,0
14,26,19,138,-0.23227398,-0.53818184,0.18157032,-0.112491414,-0.34631115,0.25632656,-0.24568963,-0.15128207,0.21192358,-0.3049028,-0.48874882,-0.12167462,-0.24390273,-0.24905455,-0.13305339,-0.38523793,-0.2898446,0.050285757,0.025080869,-0.15011549,0.07625255,-0.27580363,0.0012594312,0.21641862,0.06714961,0.13580106,0.17368914,0.010835823,-0.13661674,-0.036176518,-0.29459852,0.033592492,-0.1073986,0.047658384,0.17143431,-0.06310293,-0.47939128,-0.649657,0.07746458,-0.49462312,-0.62979054,0.016429678,1,0.584632642861573,0.891295967111407,0.046126349289788,0.137108181715022,0.452461860470289,0.040742860378676,6,0
15,26,19,139,-0.20741817,-0.5379928,0.24101205,-0.1991911,-0.31672233,0.3425248,-0.41456753,-0.2075015,0.30422345,-0.29748154,-0.52776843,-0.06948586,-0.2654645,-0.32222766,-0.2121011,-0.4286731,-0.29326743,-0.039967775,0.04106262,-0.14340359,0.07174418,0.043438483,0.17515634,0.26280552,0.3597521,0.29824215,0.08981155,-0.012325285,-0.13378777,-0.03876004,-0.37244308,-0.087012395,-0.021689035,-0.11456376,0.193658,-0.031618334,-0.44107777,-0.6635053,0.17618117,-0.46637225,-0.65441054,0.115582526,1,0.304184265498354,0.892870814105074,0.01944457864417,0.136387748681958,0.45192903688071,0.000130598283792,6,0
16,26,19,140,-0.21476166,-0.5577271,0.28064334,-0.21408236,-0.3728391,0.4459469,-0.43339914,-0.29238445,0.36171678,-0.28774378,-0.58538663,-0.04794759,-0.20806375,-0.46861348,-0.2611475,-0.3778126,-0.3782485,-0.11287171,0.054814965,-0.1478493,0.065734506,0.20446444,0.17329441,0.19314934,0.46833485,0.42129198,0.05116222,-0.018204067,-0.1417877,-0.041787714,-0.3784434,-0.10199646,0.021388546,-0.14506017,0.2047019,-0.029701712,-0.44182763,-0.70040464,0.20604183,-0.46298483,-0.699591,0.14253151,1,0.182956875445682,0.895047689260511,0.287944984141125,0.166821122157934,0.453372135081747,0.311448272092544,6,0
17,26,19,141,-0.2402678,-0.5654255,0.24090314,-0.27657488,-0.39038342,0.40185186,-0.48220414,-0.26873773,0.36741823,-0.29361936,-0.5746443,-0.09080677,-0.20610878,-0.46406186,-0.29529834,-0.35533547,-0.28445262,-0.25845274,0.057007115,-0.15788539,0.07162092,0.26290244,0.11681618,0.18997002,0.5429325,0.35355443,0.12129873,-0.0032216585,-0.13980609,-0.03691805,-0.35009646,-0.081376,0.0074929222,-0.27433318,0.28349504,0.025574747,-0.45640627,-0.70458174,0.1487402,-0.4743275,-0.7011294,0.08496707,1,0.13411369695038,0.91527265119422,1.85173928843526,0.075542420160544,0.457892633650065,0.37862618866044,6,0
18,26,19,142,-0.23222233,-0.5789785,0.244282,-0.31423768,-0.37783659,0.3449357,-0.51881903,-0.28395182,0.26021108,-0.28578115,-0.6010458,-0.08812091,-0.20275311,-0.46082628,-0.27392688,-0.38746846,-0.3227444,-0.22571701,0.06379176,-0.16614068,0.068022415,0.3139898,0.07166839,0.17401919,0.6058241,0.29052252,0.10838759,-0.0035727439,-0.1423664,-0.03411687,-0.33060202,-0.033618502,0.038817782,-0.4430946,0.31760097,0.07537175,-0.44015208,-0.7443044,0.15027782,-0.45662078,-0.7410313,0.08609711,1,0.443619476159214,0.920462739392599,0.169996060706604,0.100437505192481,0.469563369339381,0.146578412368815,6,0
19,26,19,143,-0.1936191,-0.58487433,0.24277447,-0.2637112,-0.37371314,0.35210568,-0.49179292,-0.28188813,0.31141284,-0.26801932,-0.6020665,-0.084543,-0.1626608,-0.4399719,-0.25218278,-0.32141018,-0.2572285,-0.22845812,0.06527318,-0.15889746,0.06713176,0.29616702,0.09448728,0.22700709,0.6189404,0.31216764,0.21452259,0.0037351502,-0.13738519,-0.04014279,-0.24461593,0.13668539,-0.053053003,-0.289494,0.519386,-0.11072236,-0.40386617,-0.7642037,0.17127298,-0.42672426,-0.7645148,0.10902651,1,0.573971244565207,0.917987736791766,0.042403653094774,0,0.468116810128884,0.000424167134812,6,0
20,26,19,144,-0.11435671,-0.6327253,0.22799474,-0.11841048,-0.4355321,0.3773737,-0.31477457,-0.2902665,0.423367,-0.2583928,-0.60959244,-0.07721317,-0.18982938,-0.42957175,-0.24476473,-0.3251204,-0.26640147,-0.12697682,0.06851139,-0.15742853,0.05924982,0.28966555,0.10956898,0.20934142,0.6162727,0.28120428,0.08577321,-0.019922052,-0.13220628,-0.02753989,-0.2900533,0.08621685,0.09832323,-0.26792133,0.4736135,0.06916944,-0.3506549,-0.80040276,0.16845256,-0.3793505,-0.7943466,0.108937606,1,0.464508069099296,0.921524696781948,0.301123565007662,0,0.47583560245465,0.15853379440385,6,0
21,26,19,145,-0.09858471,-0.62434924,0.23418032,-0.05917716,-0.4223541,0.3677507,-0.2529636,-0.2972098,0.4541797,-0.2693319,-0.59819865,-0.057378735,-0.19686587,-0.41067693,-0.21165279,-0.35231596,-0.30453786,-0.06206037,0.06460475,-0.15608382,0.06094276,0.21359634,0.1322254,0.24787618,0.55012935,0.24994385,0.101873115,-0.025096225,-0.13246721,-0.02395121,-0.29919684,0.034125775,0.15240933,-0.1635719,0.39199185,0.107736476,-0.34359795,-0.7910361,0.19719204,-0.3797313,-0.7821969,0.14225228,1,0.744391260777317,0.9199168855937,0.050378256702604,0.15886918286568,0.473659590235861,0.028635930699208,6,0
22,26,19,146,-0.113874994,-0.6255009,0.23087007,-0.1137907,-0.42604628,0.37504864,-0.28622714,-0.267213,0.45454687,-0.25430882,-0.6136007,-0.08237224,-0.20747708,-0.4223553,-0.24325675,-0.3779244,-0.288779,-0.13504076,0.06103005,-0.15845178,0.06554913,0.17847292,0.14689669,0.24713534,0.49849012,0.2150268,0.0435113,-0.019664323,-0.13550745,-0.026666936,-0.25541314,0.10237931,0.11970948,-0.04610561,0.41439152,0.033792783,-0.35936198,-0.7963749,0.16565406,-0.38444495,-0.7912372,0.10418834,1,0.718940815892343,0.921469105719908,0.08979237028072,0,0.468333334974724,1.10362859286894E-05,6,0
23,26,19,147,-0.083733186,-0.6345861,0.20763782,-0.013131067,-0.4359944,0.32335594,-0.097135425,-0.23890248,0.43587863,-0.25192675,-0.616702,-0.09529063,-0.3097828,-0.4099025,-0.22096536,-0.51422995,-0.35695165,-0.11308357,0.05461691,-0.16231081,0.07107848,0.06957514,0.13686463,0.27730554,0.34839237,0.20269325,0.037749454,-0.018473236,-0.13831496,-0.023610463,-0.17924505,0.14505455,0.116358235,0.08645189,0.38272506,0.004827127,-0.338572,-0.8073721,0.15249124,-0.3680882,-0.7991717,0.0937071,1,0.854650121669993,0.92426877660391,0.131854730459383,0.154932918434344,0.465417868313148,0.022257295773872,6,0
24,26,19,148,-0.06448644,-0.63481545,0.20083234,0.10109325,-0.47230202,0.27360937,0.098562464,-0.30534708,0.4527395,-0.28637868,-0.6040915,-0.06847663,-0.32102072,-0.42004466,-0.23657769,-0.5461397,-0.3483958,-0.19469199,0.05858081,-0.1677959,0.07363137,-0.019279435,0.09417167,0.32056826,0.266027,0.29141548,0.1687033,-0.008543143,-0.13649938,-0.022584666,-0.0886424,0.18729019,0.11075433,0.22817537,0.37598914,0.024216622,-0.34107035,-0.80050385,0.19952622,-0.38070714,-0.79145503,0.14697774,1,0.627329363351852,0.924736374652667,1.99781518538563,0.074151029895445,0.459436722736659,0.008502328785637,6,0
25,26,19,149,-0.097110495,-0.6102455,0.21152696,0.11927305,-0.49388292,0.2452,0.21739987,-0.3335935,0.41043514,-0.35020965,-0.55949664,-0.035780165,-0.44868362,-0.39796263,-0.20920599,-0.66248286,-0.32341808,-0.113602705,0.059086878,-0.1739621,0.07836474,-0.12301743,0.009595901,0.34809482,0.1543287,0.25841016,0.24985594,-0.0038954476,-0.13572556,-0.017080862,-0.19109042,0.12957972,0.14835796,0.15030304,0.30168146,0.09869388,-0.39861163,-0.7364497,0.24183357,-0.44214898,-0.72321796,0.19254136,1,0.704860269636949,0.911558779497122,0.016763529876249,0,0.459446492132378,0.013386759781446,6,0
26,26,19,150,-0.08065684,-0.5998591,0.24214685,0.15708235,-0.5250573,0.26514047,0.3260468,-0.39239228,0.39779598,-0.3381292,-0.59078467,-0.013274744,-0.48386374,-0.40662605,-0.1216685,-0.6727692,-0.33109075,0.020275824,0.035664022,-0.16303271,0.08888965,-0.29314578,-0.040937036,0.22648278,-0.031799242,0.24755053,0.20224857,0.016655507,-0.1451517,-0.031877916,0.026089625,0.22181416,-0.047945973,0.38465118,0.37483013,-0.036860503,-0.3829907,-0.7093655,0.29337007,-0.4250587,-0.7021034,0.24178413,1,0.393035418040262,0.912823094034509,0.010871386511783,0.124912596527365,0.456927157519965,0.000257161820402,6,0
27,26,19,151,-0.11977957,-0.5974874,0.23394433,0.114709996,-0.5287401,0.27040914,0.28649157,-0.39888328,0.39553738,-0.33098334,-0.58436155,-0.06038095,-0.41466674,-0.40812534,-0.22510003,-0.6244623,-0.34852958,-0.114091985,0.03827602,-0.16487211,0.08958827,-0.27601743,-0.010685161,0.21296862,-0.090685934,0.32507944,0.23426612,0.023269791,-0.14764,-0.031838074,0.13467267,0.19597387,-0.050308976,0.46909374,0.38469023,-0.04490352,-0.42845964,-0.7115014,0.24013254,-0.4641715,-0.69903916,0.1850525,1,0.470789273286873,0.917589296021171,0.18856986971101,0.264166019252385,0.456359727407339,0.223068285869938,6,0
28,26,19,152,-0.079036,-0.62264645,0.20298776,0.15565321,-0.54724646,0.21326526,0.35166323,-0.42814425,0.30901715,-0.3319745,-0.5942683,-0.049547512,-0.4505689,-0.3884054,-0.14192313,-0.61243474,-0.29674712,0.015712246,0.043344896,-0.16907735,0.09274774,-0.27437323,-0.023772702,0.2204687,-0.28292707,0.36005902,0.24578622,0.025416354,-0.14378595,-0.027420405,0.25309873,0.13708757,0.00086513907,0.5931671,0.3128078,0.03880045,-0.37631044,-0.7721627,0.2237893,-0.41628844,-0.7566085,0.17246106,2,0.49281201761999,0.930402391172322,0.092662536980594,0.110560547632377,0.459474329316553,0.18340866339612,6,0
29,26,19,153,-0.061217993,-0.61516535,0.20384957,0.17103294,-0.5364029,0.19898711,0.36887467,-0.4167292,0.28535402,-0.33423093,-0.5853359,-0.022604158,-0.4610922,-0.382886,-0.107330084,-0.6045856,-0.31054506,0.073697224,0.04775606,-0.16854301,0.09130795,-0.2609073,-0.047375947,0.25523508,-0.34988832,0.3222076,0.29489678,0.01589797,-0.13798222,-0.025201837,0.2198758,0.15776289,0.007826949,0.5702435,0.31027943,0.011275187,-0.3490281,-0.76685727,0.24913704,-0.39494476,-0.75000566,0.20367208,2,0.533810421567975,0.931248538563397,0.778399468706529,0.196942438734957,0.45905485505112,0.027174766038933,6,0
30,26,19,154,-0.030057691,-0.6119791,0.21757925,0.19206256,-0.50731474,0.20984554,0.3557102,-0.35175732,0.31127676,-0.3122209,-0.6001542,0.00026864186,-0.42888904,-0.39306146,-0.089460164,-0.564551,-0.28714588,0.081979424,0.048565432,-0.16388744,0.084390685,-0.2576212,-0.060776465,0.26606515,-0.2791632,0.32061747,0.24045974,0.0031224107,-0.13730939,-0.026989374,0.13593945,0.19342473,0.033381287,0.51250017,0.24918503,-0.0077628754,-0.29475462,-0.79335135,0.2722711,-0.34542263,-0.7821742,0.23019782,2,0.492409631206795,0.93153296542763,0.000534533726247,0.088657689940275,0.453935415120856,0.071478634250637,6,0
31,26,19,155,0.028430324,-0.63447714,0.14767161,0.21265832,-0.4771995,0.15078285,0.29702187,-0.29790038,0.2927429,-0.26381198,-0.62699395,-0.037888385,-0.4113673,-0.43439937,-0.101385415,-0.54069936,-0.31208014,0.057735607,0.047749776,-0.16463134,0.08500196,-0.19752356,-0.027171448,0.32039124,-0.1329051,0.34283516,0.35029924,-0.012415421,-0.12986995,-0.014912616,-0.0025234036,0.21330436,0.0858157,0.3516323,0.25273827,-0.037342675,-0.19368818,-0.8432754,0.20130473,-0.2500709,-0.8376819,0.16716737,2,0.561074248054584,0.932643848286604,0.000134111601277,0.067180066547959,0.444594266037283,0.00176876078254,6,0
32,26,19,156,-0.06554325,-0.59762347,0.16220564,0.057588525,-0.407124,0.2171841,-0.0005622357,-0.21333942,0.337009,-0.22546326,-0.58915836,-0.11139645,-0.25204828,-0.37180808,-0.21610078,-0.41425332,-0.21826509,-0.16518027,0.031586953,-0.15032744,0.07753059,-0.17377657,0.12034829,0.19445892,0.041675925,0.41191018,0.16802275,0.009961659,-0.12812671,-0.031361405,-0.09683092,0.19562708,0.054502346,0.25894547,0.26971543,0.08219011,-0.2793985,-0.787735,0.13575234,-0.31572893,-0.785632,0.08219615,2,0.602944339361051,0.932864389514517,0.005210869556304,0.280755567791295,0.436127773965206,1.98519796691655,6,0
33,26,19,160,-0.054451212,-0.5032554,0.29858202,0.03239665,-0.29380816,0.33230853,-0.1515136,-0.24880783,0.46292454,-0.23072396,-0.5450881,0.087416925,-0.23271805,-0.34522125,-0.042867698,-0.34979007,-0.29951525,0.14100675,0.048407264,-0.1241439,0.02435631,0.11592655,0.2184512,0.10552476,0.36732358,0.3919214,-0.08376571,-0.025741294,-0.13754392,-0.059640374,-0.35848832,-0.049908362,0.014112692,-0.1479563,0.23763688,-0.04120679,-0.23803657,-0.6479198,0.36240065,-0.28418297,-0.6600943,0.31990516,2,0.456003934183773,0.938128475072227,0.003384988407671,0,0.441368765915131,1.99926787116343,6,0
34,26,19,161,0.016462643,-0.5899744,0.2556301,0.24787585,-0.52609825,0.23857744,0.41869318,-0.4991868,0.40684986,-0.28659347,-0.5141532,0.16189878,-0.38084218,-0.30193952,0.071971,-0.45247066,-0.20085195,0.27167743,0.07305513,-0.14504375,0.019700613,0.26342243,0.13265364,0.16985467,0.51896274,0.35696104,0.007393822,-0.040821142,-0.1271402,-0.023470655,-0.3065562,0.009468645,0.179395,-0.20207798,0.3210356,-0.006007746,-0.21207169,-0.66108423,0.41635042,-0.27124548,-0.6447277,0.3942184,2,0.574300914750594,0.943249232854016,0.032657872496088,0,0.441638905836026,1.84333583773282,6,0
35,26,19,162,-0.040424258,-0.56121707,0.2875859,0.15069667,-0.40953276,0.2869059,0.2210757,-0.24007976,0.4494722,-0.31110215,-0.49858272,0.11630397,-0.29250818,-0.28687245,-0.019972347,-0.34183854,-0.14839974,0.16793163,0.07409041,-0.14725891,0.021066159,0.3027188,0.13670428,0.11069152,0.596387,0.34217286,-0.027062453,-0.033043317,-0.12976551,-0.033759028,-0.30664143,-0.007645361,0.17997968,-0.3316834,0.37246862,0.12780957,-0.31315517,-0.64646924,0.38778856,-0.36398536,-0.63502604,0.3480463,2,0.25350185530767,0.941758119368898,0.014940794580298,0,0.439550394913445,1.9469326850283,6,1
36,26,19,163,-0.032678384,-0.5620611,0.31275707,0.14087613,-0.39279753,0.35949945,0.17583719,-0.21618816,0.5299444,-0.3057404,-0.55453914,0.10390022,-0.33750048,-0.4043594,-0.09956895,-0.5031038,-0.2724018,0.017714068,0.074740656,-0.15177944,0.026428614,0.31683022,0.10361782,0.1586439,0.63251865,0.27310103,0.011933617,-0.036657397,-0.13544247,-0.02984275,-0.30716598,0.020028174,0.16505462,-0.37634355,0.3761199,0.029399306,-0.3248002,-0.6400621,0.40136525,-0.37021628,-0.640504,0.35333323,2,0.429230340296391,0.940780400416706,0.344040266166049,0,0.442365769214114,1.99044289241624,6,1
37,26,19,164,-0.0917338,-0.6544031,0.19957566,0.05736123,-0.5339551,0.3461483,0.05531224,-0.41589683,0.5578885,-0.28659752,-0.56158334,-0.06186595,-0.25176254,-0.3453443,-0.18119499,-0.43063956,-0.24727377,-0.0611277,0.06670776,-0.15533024,0.050735272,0.26616293,0.12633811,0.17674261,0.5757471,0.3121541,0.06973243,-0.027389733,-0.13380669,-0.025082981,-0.32715616,-0.033275686,0.14512601,-0.3269867,0.33372,0.059745528,-0.36885613,-0.7734889,0.16351959,-0.40363824,-0.755356,0.11049026,2,0.408484771380116,0.941761562397788,0.007174215117806,0.076300499080844,0.442999602540463,1.93947910397456,6,1
38,26,19,165,-0.07709498,-0.61524516,0.22412653,-0.038108595,-0.4148861,0.3419959,-0.26377797,-0.37147123,0.39885297,-0.24789086,-0.5822255,-0.040101677,-0.2245607,-0.37368703,-0.16521582,-0.40070468,-0.34455004,-0.019512758,0.060642105,-0.1432804,0.045094207,0.21349208,0.16462037,0.16069075,0.542724,0.23488374,0.010187224,-0.025180198,-0.13160485,-0.036903948,-0.31911546,-0.008227415,0.11940723,-0.20676473,0.3367695,0.05029268,-0.30408117,-0.75565577,0.21181747,-0.34167495,-0.754741,0.15869248,2,0.62968418004237,0.938332113505768,0.042119031458897,0,0.440765910540138,1.99674959364916,6,1
39,26,19,166,-0.049279504,-0.62960196,0.21167842,-0.034240257,-0.43970093,0.3558769,-0.20946307,-0.36258796,0.501109,-0.24568227,-0.59591025,-0.042661592,-0.3000834,-0.36016992,-0.094873555,-0.42527777,-0.290608,0.09080848,0.05434842,-0.1460061,0.054945074,0.12568577,0.1816413,0.20064646,0.4332658,0.1944367,-0.010555893,-0.025519188,-0.13491699,-0.034188017,-0.29804185,0.06964505,0.07403849,-0.075982615,0.35099694,-0.031947784,-0.27013475,-0.8007133,0.19364068,-0.311629,-0.7950108,0.14331412,2,0.716035163504354,0.933541155098834,0.000781546670706,0.282799586738966,0.431833560620087,1.98668793646528,6,1
40,26,19,167,-0.008100044,-0.65712404,0.12919052,0.11066889,-0.47679806,0.22459868,0.056824785,-0.3282888,0.40213168,-0.22159773,-0.5988992,-0.12343756,-0.2955666,-0.3711785,-0.1743661,-0.46729565,-0.2584662,-0.065879576,0.04346942,-0.15866482,0.07616317,-0.01202888,0.1340818,0.277061,0.29430348,0.27676785,0.13542908,-0.018899787,-0.13293478,-0.020485172,-0.18782026,0.14904049,0.10187971,0.09315403,0.37628236,0.038683813,-0.2583905,-0.82926106,0.09826109,-0.2964033,-0.8188633,0.04610554,2,0.914255531566605,0.924561609202979,0.012621256732613,0.209851671480451,0.42140320606612,1.933318011955,6,1
41,26,19,168,0.016903426,-0.62641966,0.17692542,0.1778687,-0.45267504,0.20378247,0.1826831,-0.27948314,0.3700661,-0.24480149,-0.6353462,-0.03477118,-0.36301857,-0.46427685,-0.16844416,-0.53846544,-0.42456296,-0.017664343,0.05689376,-0.16060086,0.06495257,-0.06423732,0.04326853,0.34091672,0.15555555,0.3095678,0.20395449,-0.02137294,-0.13240108,-0.01811458,-0.08125914,0.17251143,0.15390694,0.20170887,0.3842389,0.03810014,-0.22160245,-0.81112003,0.23384067,-0.270561,-0.8110101,0.19000198,2,0.462347158513191,0.92652665851954,1.91871560374956,0.193704550756547,0.413972185338547,1.99991246700612,6,1
42,26,19,169,0.037537165,-0.6536435,0.15091452,0.22342166,-0.49499607,0.17437151,0.28809178,-0.34157908,0.3585712,-0.27362722,-0.62444264,0.002873309,-0.42441744,-0.43366042,-0.072586365,-0.61720073,-0.29418972,-0.02098485,0.059531752,-0.16288516,0.060255818,-0.10772842,0.013353065,0.34327552,0.13265413,0.21389008,0.12332155,-0.019237544,-0.13520458,-0.020098377,-0.103414,0.18486568,0.13172637,0.2539277,0.19498225,-0.006086476,-0.16402243,-0.8579503,0.22959106,-0.22521578,-0.8584665,0.20370615,2,0.484824369663525,0.917596050229191,0.077016333594717,0.079500247386484,0.413554713572266,1.93227246099685,6,1
43,26,19,170,0.0032778233,-0.6530599,0.10226488,0.21472377,-0.52855766,0.11287187,0.35842305,-0.39586765,0.26584512,-0.2880161,-0.59720767,-0.07802735,-0.43195552,-0.38744518,-0.08754726,-0.5989157,-0.2525192,0.02720739,0.045092493,-0.1691171,0.086887345,-0.25690046,-0.044382177,0.26598206,-0.06374928,0.28617424,0.26713035,0.0070422017,-0.13113955,-0.017011713,0.12913597,0.20096423,0.067585036,0.51024336,0.23136579,0.039493028,-0.23980218,-0.84805393,0.14153966,-0.29447895,-0.8356602,0.10631804,2,0.59132534095001,0.916485142414042,0.033357030285148,0.089806393232446,0.421672305300608,1.98469433068818,6,1
44,26,19,171,-0.0353519,-0.63080317,0.13593772,0.14852123,-0.47821516,0.17256,0.22518569,-0.28792712,0.30456287,-0.20001613,-0.61213493,-0.15983006,-0.2774902,-0.40328437,-0.2747901,-0.46673512,-0.2587132,-0.28737605,0.020160202,-0.15497032,0.089747325,-0.25689065,0.079586044,0.15703568,-0.14640445,0.43869525,0.19899744,0.02952471,-0.13502,-0.025321202,0.172291,0.1945121,0.010456087,0.5235964,0.31096274,0.090093404,-0.27052402,-0.8422633,0.06516989,-0.2951258,-0.8350992,0.0048359977,2,0.429579366570364,0.918969086675704,0.022448206261181,0.245093722348746,0.438223736310436,1.99998987939645,6,1
45,26,19,172,-0.20431918,-0.5548612,0.13678285,-0.13772695,-0.35099703,0.22819181,-0.24346942,-0.14179613,0.20592111,-0.07659046,-0.63525176,-0.15741286,0.00790425,-0.48501366,-0.32788658,-0.16566607,-0.4213574,-0.46540225,-0.0144133335,-0.13627744,0.07130349,-0.13795638,0.1396842,-0.11654161,0.08338802,0.41123343,-0.20740232,0.06112907,-0.14592734,-0.013127126,0.08945089,0.18468854,0.09169881,0.2563752,0.26860148,0.40260968,-0.31963795,-0.7980382,-0.019008402,-0.2917816,-0.811095,-0.07653019,1,0.739775394307041,0.91731192287993,0.041065309766599,0.185593242140436,0.444016846225764,1.96466968441878,6,1
46,26,19,173,-0.04372553,-0.5766583,0.10016592,-0.038712755,-0.368486,0.2279234,-0.17659721,-0.21043485,0.3599277,-0.015461486,-0.54569215,-0.19694874,-0.027055288,-0.29149282,-0.18278119,-0.19003278,-0.11377111,-0.18734951,-0.030817052,-0.1363991,0.07386532,-0.35070586,-0.008854598,-0.08788737,-0.29160115,0.3693591,-0.13581142,0.022745945,-0.11008358,-0.013420405,-0.06425044,0.23437172,0.10362104,0.14250539,0.41125643,0.37952125,-0.1257096,-0.8293179,-0.0451558,-0.12308411,-0.82496834,-0.10972917,1,0.297077598793671,0.914102606087288,0.063015520084133,0,0.444665180475781,1.93984512843147,6,1
47,26,19,174,0.020142745,-0.5669868,0.2538706,0.19239771,-0.40331468,0.3237933,0.25434002,-0.23367947,0.4967441,-0.24673599,-0.6106941,0.035327546,-0.40132326,-0.447217,-0.08816859,-0.6047076,-0.31106383,-0.07163292,0.031271376,-0.14677566,0.07634202,-0.29088277,-0.089353964,0.25895205,-0.24410054,0.29184458,0.22275726,-0.014163318,-0.1353054,-0.033508036,-0.087429695,0.21980944,0.017829351,0.29504213,0.26773858,-0.0067932764,-0.19671889,-0.7736169,0.33221447,-0.24698813,-0.78314674,0.28954926,1,0.369011355065232,0.911522301075445,0.431800724107606,0,0.440319670532818,1.91691466330888,6,1
48,26,19,175,-0.24227314,-0.42141214,0.26430255,-0.31993937,-0.20206556,0.35254532,-0.4764188,-0.021776497,0.43352646,-0.24943027,-0.5788476,-0.008509383,-0.33377174,-0.5195349,-0.24559706,-0.56504107,-0.48359838,-0.32376072,0.00871584,-0.117127836,0.047924653,-0.2927867,0.098555215,-0.03785783,0.004379362,0.34876725,-0.075304806,0.033013474,-0.15049183,-0.0582899,-0.19855686,0.10053891,-0.20923752,0.13553953,0.2854564,-0.123724714,-0.41397363,-0.65004903,0.24800532,-0.4153396,-0.68074244,0.18923578,0,0.586789729828487,0.905053716738351,0.034643701924915,0.099411669913494,0.438552122991879,1.99211507187822,6,1
49,26,19,176,-0.12203576,-0.6223756,0.10243912,-0.2225143,-0.46082127,0.23962872,-0.4392488,-0.36858106,0.26382688,-0.12768589,-0.58518773,-0.2013659,-0.23449282,-0.3790884,-0.27653682,-0.44405544,-0.4251208,-0.18987632,0.002516123,-0.15065289,0.08462765,-0.2922909,0.021201923,0.19856165,0.03189543,0.18385863,0.16524808,0.0009145001,-0.12650484,-0.024939597,-0.29176417,0.06900655,-0.032704867,0.042039692,0.18182409,0.06337381,-0.21932292,-0.84143233,-0.055661928,-0.21667792,-0.83353376,-0.12075421,0,0.401101188763536,0.902310762391651,0.042157839380765,0.076553132595332,0.433557523186951,1.89254266899677,6,1
50,26,19,177,-0.075932205,-0.5937433,0.07710732,-0.08199244,-0.42484337,0.24014407,-0.29447088,-0.37634367,0.33154643,-0.1739231,-0.52689046,-0.19092017,-0.22192721,-0.2878837,-0.21173376,-0.42878124,-0.26274323,-0.11481991,0.01634993,-0.14980114,0.08800596,-0.27505127,-0.101180546,0.30171606,0.0051555336,0.13086027,0.24926904,-0.01263444,-0.11041023,-0.011933611,-0.33634156,0.031578436,0.042953707,0.012910485,0.13946077,0.0931686,-0.25756967,-0.76355094,-0.017708696,-0.28233898,-0.7510616,-0.076334044,0,0.04883425656956,0.9021851386094,1.57008099279105,0.064841000669304,0.427918172543161,0.251449613567493,6,1
51,26,19,178,0.022846641,-0.50332785,0.22597253,0.008155877,-0.272866,0.25290203,-0.20766994,-0.24824992,0.3408914,-0.14167032,-0.55609107,0.021973923,-0.21833348,-0.328229,-0.013146572,-0.34611797,-0.307696,0.17383994,0.0107967565,-0.11165213,0.04402042,-0.2616432,0.016535334,0.24822502,-0.017490134,0.21066716,0.060694844,-0.032087836,-0.12559304,-0.052266743,-0.35957122,0.018844694,-0.04591121,-0.06124568,0.22690924,-0.08560193,-0.12153342,-0.7291316,0.26517183,-0.15999252,-0.74485886,0.21634425,1,0.197607787068054,0.94641788589889,,0,0.42093142398733,0.011978970506372,6,1
52,26,19,179,0.036542606,-0.45496184,0.31042808,-0.043010585,-0.2565233,0.24914934,-0.2414937,-0.21800564,0.1513635,0.057691026,-0.5850921,0.070125334,-0.026223369,-0.39770514,-0.039224267,-0.22813214,-0.36594197,0.038022894,-0.037966296,-0.12201269,0.013597691,-0.36208293,-0.028818779,-0.058406018,-0.110523105,0.20232633,-0.03146215,-0.008466519,-0.1609942,-0.0769037,-0.26952103,-0.12837212,-0.28918198,-0.22425084,0.19821373,-0.38901746,0.041700367,-0.7422871,0.3397296,0.049718574,-0.7722056,0.28431314,1,0.474199940424331,0.89892382765215,0.004803885498279,0.151052359030616,0.42274345444464,1.94238008396283,6,1
53,26,19,180,-0.09257415,-0.5511517,0.15484503,-0.10288007,-0.3613556,0.2676677,-0.32429865,-0.35258177,0.2873414,-0.26710516,-0.48847273,-0.008061767,-0.2630283,-0.26906428,0.064044274,-0.29033437,-0.38577908,0.24284151,0.061197426,-0.13964607,0.03865459,0.16300812,0.11054464,0.25600842,0.4559036,0.2571055,0.15252537,-0.015263413,-0.11103309,-0.027641108,-0.2849858,-0.0017040744,0.14980042,-0.21018484,0.33537734,0.14601237,-0.29428428,-0.7019048,0.15780993,-0.33633718,-0.68931985,0.1126749,1,1.30930472551001,0.888123631527407,0.003381301487173,0.270362512251514,0.425655791088359,1.99979404631929,6,1
54,26,19,181,-0.04965038,-0.55271775,0.22610523,0.006780535,-0.35896814,0.33913973,-0.16481292,-0.2671728,0.4661245,-0.27470782,-0.5157467,0.05805795,-0.30411002,-0.2883796,0.13043061,-0.27043977,-0.40061724,0.3235305,0.058377236,-0.14001262,0.045565005,0.14624819,0.078889,0.3143233,0.44782043,0.24254823,0.20404261,-0.028912842,-0.12141606,-0.02653828,-0.341358,-0.064701185,0.12238616,-0.25394785,0.27762604,0.046009395,-0.27916944,-0.7017803,0.26774395,-0.32471845,-0.69199514,0.22338438,1,0.638450838308503,0.88119422040455,0.048892471458379,0.119133448457121,0.426840783740344,1.90680961704379,6,1
55,26,19,182,-0.0038289875,-0.5629162,0.2359994,0.066062614,-0.3717671,0.3448586,-0.06708422,-0.27912027,0.5105862,-0.27239951,-0.527395,0.11711627,-0.30869627,-0.30261284,0.1917767,-0.23852926,-0.3870217,0.3893165,0.06787842,-0.14763403,0.029755829,0.28782678,0.030280754,0.24224497,0.56182134,0.14739762,0.044859692,-0.036979746,-0.12471428,-0.013635346,-0.29991025,-0.07360971,0.20632234,-0.32678872,0.27647036,0.13504589,-0.23039892,-0.71375453,0.3224092,-0.2832743,-0.70499694,0.28643727,2,0.297209865840077,0.879370114943453,1.91825721409468,0,0.432242517643632,1.99882271826731,6,1
56,26,19,183,-0.03552831,-0.57657456,0.22589564,0.049557842,-0.3846532,0.34675056,-0.08449863,-0.2638762,0.5100949,-0.26260424,-0.56421137,0.033824835,-0.36530215,-0.33501443,0.033731967,-0.38764772,-0.4276626,0.24954283,0.065384395,-0.13789117,0.039553963,0.25737315,0.1444904,0.20047842,0.6095276,0.2418764,0.082604796,-0.026283216,-0.12054922,-0.033795796,-0.3082027,0.044617973,0.14135379,-0.25812465,0.4251344,0.114089504,-0.26709685,-0.7356572,0.2607529,-0.30862892,-0.73558486,0.2110607,2,0.36663316596853,0.87921511734211,0.104442368955209,0.216187089925484,0.431971279522773,1.95629749628852,6,1
57,26,19,184,-0.082327396,-0.5356315,0.24473834,0.017126732,-0.33052757,0.29254204,-0.12831222,-0.20084804,0.42221382,-0.29355663,-0.50475985,0.045046166,-0.2826066,-0.2739185,-0.026926305,-0.34287205,-0.23255204,0.18807414,0.06512247,-0.13948256,0.037723936,0.21243607,0.16104609,0.17582853,0.5449659,0.18865639,0.028053433,-0.0144102955,-0.12318856,-0.043108016,-0.32010698,-0.0130243,0.101208225,-0.1996188,0.3300842,0.14342292,-0.31503874,-0.6784093,0.28526884,-0.35919568,-0.67528033,0.23862325,2,0.407291103604004,0.874883103608615,0.000798655243627,0.207243187961942,0.425325876715383,1.99257655738147,6,1
58,26,19,185,0.0009956509,-0.62040114,0.19483227,0.12770715,-0.4305275,0.2851437,0.14322959,-0.28537133,0.48449993,-0.26787898,-0.59904784,-0.014392316,-0.33816922,-0.38734537,-0.1360451,-0.5115683,-0.3235041,0.019321784,0.06332742,-0.15430036,0.055848066,0.18162666,0.14479806,0.24816501,0.5008113,0.19282748,0.03872651,-0.03159618,-0.12985745,-0.015794385,-0.2967896,-0.01679229,0.21043223,-0.06004475,0.27546203,0.12775113,-0.24690774,-0.80633354,0.24377255,-0.2975265,-0.80282533,0.2012582,2,0.588222154008567,0.865440873390242,0.033847835856993,0.108197830534682,0.416739085636212,1.90289821200405,6,1
59,26,19,186,0.041710824,-0.6263899,0.19345236,0.16806918,-0.45081747,0.29884347,0.116592996,-0.36812168,0.5209704,-0.2555462,-0.61169827,0.029834751,-0.39352068,-0.41758317,-0.044244543,-0.564039,-0.32456043,0.092445254,0.058402892,-0.1565984,0.055344034,0.029076856,0.08940388,0.3236373,0.30331355,0.20415749,0.09738685,-0.037038624,-0.13497397,-0.010827896,-0.22856024,0.032150432,0.23913763,0.030262873,0.28498083,0.14439039,-0.1824314,-0.8103378,0.27654374,-0.23910229,-0.8082475,0.24261178,2,0.685986359320354,0.86116689472428,0.004098259034643,0.398811412098951,0.412848772379695,1.99260261997499,6,1
60,26,19,187,0.05921373,-0.65944505,0.1480827,0.23954904,-0.5121282,0.2091423,0.26240557,-0.38610876,0.41536808,-0.26961362,-0.63918024,0.026706345,-0.43679422,-0.46195477,-0.02614571,-0.5910492,-0.3862735,0.13903396,0.06808673,-0.17207916,0.06009894,-0.03146877,-0.044667378,0.38536704,0.22586676,0.115305595,0.16798279,-0.027216444,-0.13587543,-0.0023231823,-0.024897924,0.16001332,0.1918057,0.25110006,0.26900315,-0.03433296,-0.16367833,-0.85490865,0.2478947,-0.22338182,-0.84872884,0.2192408,2,0.495306044062021,0.849988158138241,0.001287248939532,0.115563294232061,0.395248919548226,1.9533296282164,6,1
61,26,19,188,0.065200344,-0.64785606,0.19226411,0.27456328,-0.5085772,0.21112774,0.39121756,-0.3539573,0.37672397,-0.28259087,-0.6183978,0.10766623,-0.47808808,-0.448237,0.07916101,-0.65316486,-0.36681125,0.23831359,0.072010376,-0.16730684,0.045919877,0.014906336,0.028098792,0.36761543,0.22114763,0.2760477,0.14185148,-0.032499865,-0.1376327,-0.008025349,-0.06790197,0.16665705,0.20195745,0.20629975,0.35898405,-0.0051900744,-0.1535744,-0.8357432,0.33422014,-0.21746394,-0.8311138,0.3137414,2,0.648412800117858,0.849581933355501,0.03163529813946,0.339219441434955,0.395018611051847,1.92661760621026,6,1
62,26,19,189,0.0758176,-0.6444148,0.17416514,0.30497223,-0.5476783,0.18246508,0.4613394,-0.41488397,0.32776576,-0.26678863,-0.6420557,0.07068999,-0.47230184,-0.50218797,0.004167337,-0.63624036,-0.43180868,0.174642,0.06663664,-0.16721565,0.060027402,-0.1083359,-0.06399838,0.37653774,0.006184235,0.28802216,0.25923997,-0.02620764,-0.13647525,-0.011868587,0.03372176,0.20752743,0.10064445,0.35462952,0.3684455,-0.047683142,-0.13222301,-0.84911644,0.30477887,-0.19604996,-0.84364146,0.2853159,2,0.274585226392615,0.850179509154298,0.060974968071078,0.340559815769019,0.393179647758561,1.85809315475645,6,1
63,26,19,190,0.0585232,-0.6608083,0.13933286,0.29037586,-0.568784,0.12655625,0.47467402,-0.44725135,0.24770749,-0.27949697,-0.6509485,0.0036828648,-0.49996012,-0.53612167,-0.065037236,-0.6664788,-0.49068865,0.11229519,0.06080781,-0.17159307,0.08069414,-0.1688351,-0.054947607,0.35324797,-0.1657664,0.33365053,0.37158766,-0.016406465,-0.13452467,-0.010806164,0.14225598,0.19014528,0.043973412,0.49564677,0.3331374,-0.0329001,-0.17960513,-0.86915016,0.23807485,-0.24012768,-0.8581929,0.21091883,2,0.236698686535364,0.850834076397863,0.675562306884176,0.087847530159539,0.39852287294325,1.99519392206076,6,1
64,26,19,191,0.09262697,-0.6737976,0.12919979,0.31510788,-0.5756577,0.13254207,0.49227887,-0.45965174,0.25669342,-0.25969243,-0.66405934,0.028490972,-0.4620489,-0.52438277,-0.02373966,-0.5841322,-0.44160113,0.16793144,0.06686576,-0.17100582,0.0627556,-0.08611777,0.025675893,0.3270407,-0.10490426,0.3713805,0.1803312,-0.033432018,-0.14045641,-0.0015562885,0.08883384,0.16319191,0.131202,0.41468346,0.28347728,-0.0123340115,-0.13433488,-0.89861864,0.22462812,-0.19660442,-0.8853803,0.2037341,1,0.297060662413457,0.849650647846211,0.29759672718301,0,0.402843199181182,1.9890526661489,6,1
65,26,19,192,0.12195194,-0.64648443,0.120459706,0.33695412,-0.5213147,0.115437664,0.5316651,-0.40288323,0.22124891,-0.21989912,-0.66674733,0.027808234,-0.43189362,-0.52089506,0.0336845,-0.546371,-0.4637068,0.24426131,0.059535988,-0.16191632,0.06834704,-0.16340971,-0.027856082,0.34133804,-0.31402284,0.33065486,0.31488484,-0.030715121,-0.13378964,-0.009002164,0.17751943,0.16393538,0.04878097,0.5274746,0.32188153,-0.018829323,-0.0752972,-0.8770535,0.2373072,-0.13842663,-0.8720499,0.21553664,1,0.495220226097041,0.849326678542828,0.306633507738109,0.197451576406897,0.408124113769382,1.99604103343298,6,1
66,26,19,193,0.119758785,-0.6338773,0.14967635,0.33337837,-0.50704634,0.15037954,0.502084,-0.3755874,0.2809813,-0.21458805,-0.662406,0.04382617,-0.4037155,-0.49708343,-0.01012801,-0.50128686,-0.40558976,0.19575502,0.06139409,-0.15747656,0.06341694,-0.13322721,-0.013419226,0.35261446,-0.15809877,0.37329444,0.3129323,-0.03246098,-0.1320912,-0.01164837,0.1268778,0.19392379,0.051510543,0.46084,0.35998285,-0.06129883,-0.08825068,-0.848416,0.27812105,-0.14938383,-0.84322155,0.25196028,1,0.405097704361141,0.844887344747484,0.080126463684079,0.077728135768337,0.405235070017785,1.99968934059914,6,1
67,26,19,194,0.08681296,-0.6502018,0.15524942,0.30797353,-0.5381945,0.15335873,0.43989182,-0.39541233,0.30951893,-0.24214037,-0.67767215,0.015959097,-0.44924277,-0.61124486,-0.11884183,-0.60222113,-0.5384943,0.057852417,0.06256781,-0.1649152,0.07365286,-0.11068748,-0.028468564,0.37418804,0.0025394708,0.32535297,0.26810497,-0.029463721,-0.13428323,-0.008657256,0.014345061,0.21547188,0.079347506,0.34144434,0.25424767,-0.12218805,-0.11937401,-0.86042714,0.26668328,-0.18192327,-0.8592148,0.24290049,2,0.412651299049343,0.837238251204018,1.09349332854057,0,0.399225765021923,1.96645780018181,6,1
68,26,19,195,0.09192128,-0.68143857,0.073092505,0.26854756,-0.5246936,0.101650566,0.31668398,-0.366323,0.27416444,-0.24223363,-0.65050435,-0.051297437,-0.40405017,-0.4654066,-0.057941392,-0.46543202,-0.44975102,0.16835523,0.059042156,-0.17369445,0.076053284,-0.026889559,-0.049074315,0.39841297,0.1984088,0.15411389,0.19342124,-0.042174436,-0.1407991,0.013523794,-0.13404639,0.11996423,0.22204842,0.13148691,0.21794343,-0.010072574,-0.1295807,-0.89835674,0.13935049,-0.18969071,-0.89125353,0.111765005,2,0.644229671069369,0.824412065272799,0.000181838005802,0,0.38328982498235,1.99289506449001,6,1
69,26,19,196,0.0015758611,-0.62435746,0.14088193,0.13673063,-0.44632995,0.22558123,0.009373918,-0.33276558,0.39464867,-0.23956868,-0.5943493,-0.07301797,-0.35263574,-0.40048993,-0.17849976,-0.45719087,-0.3159567,0.013427034,0.042197578,-0.14973846,0.07647263,-0.15586755,0.00721851,0.34127748,0.09508343,0.24262615,0.19723275,-0.025738686,-0.123340175,-0.017055573,-0.290959,0.08502484,0.10340687,0.040848553,0.24202733,0.03332192,-0.2144854,-0.81564665,0.14734799,-0.26514158,-0.8073339,0.10660811,2,0.602881011416404,0.81113542704381,0.000653932745857,0,0.36172720181329,1.8915592292674,6,1
70,26,19,197,0.041776676,-0.6371464,0.12396626,0.075488724,-0.43837404,0.24434319,-0.11407815,-0.41750968,0.3829601,-0.21173212,-0.6142573,-0.07422906,-0.3324225,-0.40653998,-0.033654153,-0.35813898,-0.43980473,0.1933296,0.033604797,-0.15958107,0.0849405,-0.14028305,-0.09925744,0.38952172,0.10293102,0.0845522,0.1936068,-0.0498247,-0.13545176,0.0036543915,-0.34867954,-0.08207447,0.17213838,-0.05272329,0.0769618,0.035037942,-0.15402675,-0.83628875,0.12716718,-0.2071391,-0.8303499,0.088437416,2,0.326253703457029,0.805533270232426,0.31790753301825,0,0.358054128705958,1.85291550677396,6,1
71,26,19,198,-0.024518032,-0.59849703,0.22029667,0.08172874,-0.40037242,0.30975848,-0.0025362,-0.22629483,0.45550287,-0.24717903,-0.5925932,-0.014560528,-0.28399837,-0.36911798,-0.1209639,-0.33966476,-0.3325036,0.10513293,0.05392076,-0.14380905,0.06651346,0.11355485,0.11302675,0.32766062,0.38030082,0.33866054,0.1789499,-0.03284909,-0.12469531,-0.021750731,-0.36229205,-0.012237243,0.08263701,-0.08069703,0.24171545,0.057175625,-0.2583729,-0.74934006,0.25154594,-0.30474734,-0.7440671,0.20557281,2,0.586161697477083,0.801751190471191,1.00712201097577,0,0.365420620513591,1.95446699329374,6,1
72,26,19,199,-0.016343832,-0.5732647,0.25136554,0.04165931,-0.36939776,0.3833142,-0.003456954,-0.22421041,0.5826346,-0.24158654,-0.58258176,-0.0026306137,-0.33737072,-0.3720436,-0.117080465,-0.5410364,-0.3132425,0.0060274526,0.046981253,-0.13939634,0.06667732,0.13807917,0.13021585,0.31711495,0.41246906,0.28776544,0.08752538,-0.03934613,-0.12986097,-0.023862436,-0.3941491,-0.16071841,0.08081503,-0.18161213,0.16525869,0.04062307,-0.24066065,-0.791868,0.25606388,-0.28422257,-0.7895733,0.2056956,1,0.678085463812504,0.800577270439324,0.524820076677128,0,0.374091667341792,1.96515388715317,6,1
73,26,19,200,0.036040377,-0.6039317,0.21526548,0.13751647,-0.38932014,0.27114254,0.05303763,-0.2305614,0.43634444,-0.22703227,-0.60085684,0.003099937,-0.21867602,-0.4040376,-0.15380059,-0.3226824,-0.3009953,0.033835888,0.06158396,-0.14226419,0.053297333,0.25459227,0.11026414,0.2473689,0.4930986,0.39156744,0.14602888,-0.048813064,-0.1274584,-0.008215126,-0.34542954,-0.082179144,0.19897053,-0.28472248,0.29557425,0.20401326,-0.20525253,-0.78308904,0.27272695,-0.25669008,-0.7769673,0.23206457,1,0.246680209560008,0.80171057645721,0.042885851188787,0,0.381610621403966,1.98300038281033,6,1
74,26,19,201,0.113160804,-0.5878426,0.12810768,0.21141458,-0.38481918,0.10915065,0.18074794,-0.26959962,0.30203408,-0.19273984,-0.5863697,0.091010265,-0.25923997,-0.36328217,0.058262594,-0.23664261,-0.29982713,0.2681338,0.060739424,-0.13841373,0.026282772,0.2885048,0.06102428,0.19825205,0.50593644,0.28069437,0.03355126,-0.05293666,-0.12580669,0.0068408437,-0.26928908,-0.12350592,0.27042282,-0.28062382,0.22672215,0.29294592,-0.035798807,-0.763269,0.27690214,-0.09886816,-0.76592696,0.26720133,1,0.278428218476336,0.805942547813093,0.260036048700535,0.28699454297455,0.387002521744562,1.98132917927741,6,1
75,26,19,202,0.15711722,-0.5614302,0.1966278,0.27525055,-0.3713774,0.10443659,0.33485907,-0.1862284,0.24994135,-0.16764426,-0.533952,0.2500807,-0.21914427,-0.2889684,0.24895039,-0.13741973,-0.12776281,0.40225965,0.0631541,-0.14098148,0.014904998,0.28568107,0.060612634,0.2291013,0.52799135,0.34245068,0.16283505,-0.059300836,-0.13213283,0.008815387,-0.26417363,-0.012875497,0.28114986,-0.32073352,0.3607955,0.2793347,0.03701757,-0.6747745,0.4400093,-0.028022308,-0.67354155,0.4460638,1,0.163185736274053,0.805720259506343,0.003840879180779,0.078751724293805,0.388448363202883,1.88297526376766,6,1
76,26,19,203,0.14346334,-0.62505853,0.048582304,0.27827108,-0.42603362,0.05488886,0.35159057,-0.28717262,0.23866737,-0.17043674,-0.63020164,0.08138299,-0.19931626,-0.42652893,0.22180893,-0.040562287,-0.4120035,0.39498878,0.059880376,-0.14195412,0.03916032,0.23028095,0.0900258,0.2704838,0.49411848,0.34279692,0.17972524,-0.056039847,-0.12973854,0.013856034,-0.29576963,-0.06801585,0.27741462,-0.22723192,0.30260515,0.26553902,0.01495976,-0.85643196,0.16534224,-0.049930606,-0.8578644,0.16621397,1,0.456344269415877,0.805408901745986,0.006185385388118,0.192123606676106,0.391431391055473,1.99253750781835,6,1
77,26,19,204,0.0056471936,-0.60831326,0.18692613,0.08352356,-0.38894942,0.25373748,-0.040929087,-0.2712438,0.42644256,-0.24498403,-0.57496995,-0.023792129,-0.2524182,-0.3352961,-0.097093776,-0.36153084,-0.30279973,0.11081453,0.05410969,-0.14560813,0.06312092,0.14558497,0.13229585,0.29233617,0.46123087,0.2526494,0.11842707,-0.0379539,-0.12544408,-0.014164814,-0.3469907,-0.06563577,0.16871022,-0.23218337,0.28790647,0.24957189,-0.23648757,-0.7992233,0.21151324,-0.28478515,-0.78909624,0.1681592,0,0.775944747928042,0.799381518777541,0.03255787293162,0.393191773381548,0.386419129207531,1.92859503892499,6,1
78,26,19,205,0.033569425,-0.6100297,0.17761396,0.07471338,-0.3895857,0.26803958,-0.058134638,-0.24724741,0.41402867,-0.19711122,-0.61855394,-0.06446655,-0.25076795,-0.40357333,-0.18149452,-0.4140335,-0.27899975,-0.061523445,0.03908287,-0.14956617,0.07569357,-0.05739344,0.07532321,0.35084885,0.2218256,0.25365216,0.17151958,-0.039296806,-0.13012657,-0.012623931,-0.2773074,0.073687166,0.16481802,-0.00609079,0.32746053,0.09887943,-0.1840217,-0.80972123,0.20073277,-0.23144606,-0.80847085,0.15508561,0,0.765886328604907,0.792567475248044,0.052666784284429,0.188682478333708,0.386033966399987,1.92449709772767,6,1
79,26,19,206,0.027131151,-0.61021703,0.21404397,0.14593214,-0.4224711,0.3220368,0.095853224,-0.29127574,0.52711886,-0.22981785,-0.612859,0.00047265738,-0.3325296,-0.40951893,-0.115950145,-0.5251399,-0.3095834,-0.0076797754,0.05419407,-0.1433962,0.05973444,-0.031206667,0.10780586,0.32964623,0.2561235,0.20635688,0.08717482,-0.029160406,-0.12818322,-0.027448412,-0.11475217,0.21808766,0.073482014,0.17803556,0.39897716,-0.1080575,-0.20138825,-0.79498374,0.26648143,-0.2509018,-0.794358,0.22278574,0,0.483962977180916,0.781771186909622,0.048816593788428,0,0.373886198247134,1.99959839381522,6,1
80,26,19,207,0.060544875,-0.639521,0.15179318,0.1656614,-0.45522532,0.2713912,0.095160976,-0.3579549,0.48535722,-0.21118009,-0.62816805,-0.049559027,-0.30706602,-0.42339593,-0.16174442,-0.5118034,-0.35699296,-0.056054197,0.055153325,-0.15351787,0.063203074,-0.01615312,0.06752215,0.3535376,0.18199596,0.28836834,0.11448966,-0.038079757,-0.13002715,-0.0073500862,-0.059630387,0.1896218,0.16431785,0.18135317,0.4755589,0.08900748,-0.16152793,-0.84233093,0.1963979,-0.21472655,-0.8371933,0.15766011,1,0.513362957811128,0.767466018235052,1.586596916482,0.070256063211855,0.358869676290828,1.99146864701856,6,1
81,26,19,208,0.05827004,-0.64063734,0.14988032,0.24858506,-0.5004326,0.22238573,0.30669177,-0.3648781,0.4237147,-0.25215733,-0.6206486,0.014458062,-0.40429497,-0.4206764,-0.035511877,-0.5771181,-0.32632825,0.10847604,0.0638272,-0.1566177,0.05633805,-0.04143706,0.08301276,0.32874182,0.14068049,0.3890155,0.17528892,-0.02336422,-0.12860075,-0.018850256,0.012476375,0.2222971,0.09133252,0.3152597,0.41775846,-0.053132948,-0.14212754,-0.85246813,0.23111835,-0.20302041,-0.8494138,0.20550777,1,0.629026672616659,0.763703217385792,0.115785422131863,0.110276224054835,0.359103794972167,1.98932036487363,6,1
82,26,19,209,0.075453565,-0.6575333,0.15339985,0.29363137,-0.54103184,0.15042596,0.40849543,-0.37939352,0.30212864,-0.25555313,-0.64735156,0.014739545,-0.43951005,-0.48679554,-0.06137275,-0.6178141,-0.38798952,0.07468639,0.055153247,-0.16258974,0.07164872,-0.17519006,-0.029703915,0.33358896,-0.04955127,0.32846335,0.26551712,-0.022857333,-0.13778032,-0.018892689,0.07759422,0.21030262,0.016902896,0.3953998,0.39314145,-0.10268,-0.1490733,-0.86927724,0.25154942,-0.20925365,-0.86394024,0.22310427,1,0.245456273408723,0.763428401008004,0.022992997415271,0.100235831054447,0.360162683231905,1.9859111954237,6,1
83,26,19,210,0.062390335,-0.6450956,0.15926951,0.28296798,-0.53379905,0.15410225,0.43142205,-0.39114138,0.2946376,-0.26769,-0.64008,0.02197488,-0.4452309,-0.46728233,-0.04046521,-0.5985062,-0.35873106,0.116209924,0.053642057,-0.16470268,0.078911066,-0.21170124,-0.04633619,0.31311136,-0.19135278,0.33866403,0.30719262,-0.013297546,-0.13515873,-0.019607278,0.14971857,0.18795666,0.019946165,0.48665208,0.367194,-0.035225123,-0.15864229,-0.8520192,0.26472354,-0.21979265,-0.8451483,0.23873551,1,0.347587474443384,0.767291720200706,0.020677473893969,0.339336651727738,0.363089834135618,1.99973106701276,6,1
84,26,19,211,0.07140567,-0.6179702,0.19488728,0.28786236,-0.5029286,0.21601747,0.4248703,-0.36275128,0.36786956,-0.25044656,-0.63524413,0.06342189,-0.40885714,-0.44499254,0.0043198317,-0.5353162,-0.3213991,0.1705816,0.055232886,-0.1566776,0.072489694,-0.20299673,0.00880529,0.28617623,-0.32656914,0.3739861,0.29072574,-0.013714404,-0.13304245,-0.026487151,0.1929579,0.16588356,0.008061947,0.5297192,0.35288072,-0.0111107845,-0.1356455,-0.77847016,0.33955616,-0.19711344,-0.77730906,0.31447607,1,0.279269399823281,0.763674575584707,0.012623163727887,0.126395572404806,0.358148918752362,1.99275042906267,6,1
85,26,19,212,0.064456224,-0.61478794,0.17876229,0.2631275,-0.47929892,0.19826514,0.36730123,-0.31885722,0.34864366,-0.22601481,-0.6412191,0.009160586,-0.36060998,-0.44472468,-0.066781625,-0.5191989,-0.28987762,0.01929348,0.04433377,-0.1484381,0.07177825,-0.24096058,0.036239192,0.2137264,-0.24706456,0.4114408,0.17371112,-0.0012499532,-0.13411714,-0.03718287,0.17742565,0.17823994,-0.02352519,0.5160495,0.3420703,-0.05896563,-0.12273671,-0.8196526,0.2722798,-0.18160063,-0.8221183,0.24330977,2,0.425362800914024,0.752435827880639,1.92770128552581,0.188360064295294,0.352060540855642,1.99471708198158,6,1
86,26,19,213,0.09016399,-0.577349,0.20159267,0.27424684,-0.41157782,0.19209242,0.3589552,-0.22999148,0.34111163,-0.20284387,-0.61872524,0.06247478,-0.34589326,-0.42425314,-0.025312413,-0.47847843,-0.27212557,0.11009466,0.046705544,-0.13246498,0.059468593,-0.19548573,0.09798871,0.24603297,-0.2116704,0.48910064,0.21513504,-0.016467001,-0.12711102,-0.04291888,0.07940834,0.23600386,-0.04598281,0.42864427,0.39136332,-0.13876575,-0.08328737,-0.77952224,0.3254021,-0.14394212,-0.78426385,0.30098328,2,0.441272161524679,0.746773632610777,0.01227107825088,0.153612459008376,0.346483970516559,1.9498261944468,6,1
87,26,19,214,0.0106565505,-0.62351394,0.17702043,0.21615963,-0.49842328,0.19618563,0.31439942,-0.3521639,0.3633961,-0.26012534,-0.59036326,-0.008241883,-0.33977935,-0.3920402,-0.13826269,-0.4740159,-0.2050272,-0.08262287,0.05228086,-0.14699802,0.06498193,-0.1520839,0.05248657,0.30068153,-0.053665616,0.41608772,0.2662021,-0.0135831665,-0.12743352,-0.032171007,-0.04346662,0.22973888,0.021867298,0.28647426,0.357525,-0.11362958,-0.22829187,-0.7840829,0.24708985,-0.281503,-0.77481496,0.21038035,2,0.634294539767538,0.74204733892238,0.181587182694977,0.071948112229533,0.343651678198068,1.92637582116729,6,1
88,26,19,215,-0.000751853,-0.64965343,0.11476058,0.09018886,-0.4538709,0.21253651,-0.06605576,-0.33568567,0.34786144,-0.19375445,-0.5907684,-0.14931238,-0.23110156,-0.35076237,-0.18718198,-0.36617208,-0.36386418,0.0017595738,0.030651722,-0.15505424,0.086401,-0.20031199,-0.017078161,0.32864216,0.09593405,0.15857895,0.19561192,-0.022033531,-0.12727107,-0.017186847,-0.23802747,0.14291766,0.05691696,0.11469275,0.18447912,-0.045657,-0.22424462,-0.8344749,0.06560494,-0.26661167,-0.8200026,0.017653998,2,0.588317797433277,0.732156186469323,0.09294822389091,0.243323574611578,0.32855971519247,1.98290248867245,6,1
89,26,19,216,-0.058563486,-0.5556318,0.25584534,0.09063789,-0.38417011,0.32755366,0.101793036,-0.20299408,0.48391998,-0.26127872,-0.561934,0.033599686,-0.33793578,-0.3275686,0.011593938,-0.40015846,-0.34006384,0.23572226,0.037282057,-0.12810796,0.053130515,-0.19604158,0.11264351,0.20922893,0.14407668,0.21668658,0.08888912,-0.013887527,-0.133553,-0.051856015,-0.31513038,0.06815456,-0.060962297,0.04735881,0.1435468,-0.12853515,-0.27022693,-0.7141602,0.28909674,-0.31714606,-0.709267,0.24440327,2,0.40410675365977,0.72513436301524,0.155875139080078,0.112083604548971,0.319228305710996,1.96708588221084,6,1
90,26,19,217,-0.048719358,-0.572941,0.21236172,-0.040990163,-0.38104886,0.35522506,-0.26256385,-0.34067112,0.43912405,-0.24344018,-0.578735,0.0015462274,-0.36545044,-0.37041086,0.060311276,-0.31279522,-0.4784736,0.26091704,0.032627903,-0.13697438,0.07327411,-0.19371662,0.008736238,0.3268268,0.14124556,0.13456035,0.21186805,-0.02637893,-0.12125488,-0.028418802,-0.3640791,-0.0015129745,0.02757979,-0.018585116,0.14347705,-0.011155119,-0.2282908,-0.7391493,0.23699309,-0.27676898,-0.738005,0.19332257,1,0.526122536835733,0.716440998206917,0.163436612622715,0.069756429326716,0.31260038017873,1.98180289192699,6,1
91,26,19,218,-0.06667592,-0.5731566,0.25757253,0.030721053,-0.39328927,0.38371736,-0.08751087,-0.22252966,0.5057639,-0.24446556,-0.5966959,0.00346376,-0.26167163,-0.38775218,-0.13067988,-0.31287035,-0.37704217,0.09752138,0.05177952,-0.13721406,0.056985386,0.08688779,0.1624062,0.27354196,0.41983157,0.25877023,0.121348605,-0.02131167,-0.12888238,-0.040333446,-0.35241103,-0.0023583919,0.0424721,-0.053300053,0.2240641,-0.012092866,-0.2831936,-0.74505305,0.26248387,-0.32036528,-0.74581695,0.20882925,1,0.552597303923888,0.712667659669894,0.003813650802174,0.169984035967556,0.311857725959862,1.80441377612391,6,1
92,26,19,219,-0.005967438,-0.5231598,0.2635211,0.070135355,-0.3477251,0.39462936,-0.032999814,-0.2844275,0.5932883,-0.25889343,-0.5359426,0.1596358,-0.3628506,-0.3425319,0.25856125,-0.26215455,-0.4206069,0.44516134,0.06584678,-0.14287768,0.0381562,0.18205085,0.052637547,0.31536394,0.47333932,0.24910629,0.22990501,-0.029707205,-0.11967434,-0.022889324,-0.33860192,-0.059993878,0.13423231,-0.09951025,0.21238147,0.122221455,-0.16898143,-0.63517874,0.38814566,-0.22918344,-0.63204175,0.3664595,1,0.618489369456738,0.710528493477864,0.156461221381577,0.101786529844961,0.313766729317039,1.99087186813654,6,1
93,26,19,220,-0.066125765,-0.53734416,0.20742916,-0.012124471,-0.3282299,0.27299765,-0.2025716,-0.21673334,0.32425994,-0.275821,-0.49837533,0.075354874,-0.27275956,-0.26430404,0.09621601,-0.19853306,-0.2319444,0.29984298,0.065619126,-0.13740063,0.037344687,0.21080276,0.096846625,0.25804558,0.48701507,0.3129455,0.21934535,-0.021993186,-0.11054113,-0.026212681,-0.31656075,-0.02423668,0.1358059,-0.2577194,0.32462668,0.15434997,-0.24490793,-0.6657653,0.27776268,-0.29914522,-0.6538216,0.24774428,1,0.492427799445079,0.708682129294618,0.247865550527139,0.08458521888852,0.3148666203113,1.89231495192813,6,1
94,26,19,221,-0.009623874,-0.57183117,0.24576691,0.09671064,-0.36513442,0.31161022,0.0016769394,-0.21245451,0.47383982,-0.28114408,-0.5580491,0.090870366,-0.37039843,-0.33540362,0.020923957,-0.32454568,-0.24843082,0.23480816,0.07139023,-0.14537194,0.04153914,0.3049682,0.091522515,0.20833473,0.6128912,0.30685174,0.1498759,-0.034540165,-0.12064083,-0.017104534,-0.3102122,0.0006861985,0.18888889,-0.36251193,0.36701113,0.2784018,-0.23315796,-0.7087945,0.33958912,-0.28817713,-0.70359063,0.30510455,1,0.28617200584568,0.70928144832641,1.91887027373101,0,0.320556886821507,1.99952495805876,6,1
95,26,19,222,-0.050571684,-0.6180911,0.18613094,0.06550106,-0.4228048,0.25589207,-0.01830016,-0.25623786,0.4046794,-0.28671518,-0.56220317,-0.008797661,-0.30613992,-0.32508495,-0.07181197,-0.32257724,-0.20310323,0.12447583,0.067857444,-0.15136567,0.048410468,0.2902202,0.09232114,0.20891756,0.5942576,0.30021042,0.15263239,-0.026074827,-0.122781575,-0.01957352,-0.3207325,0.0022654608,0.14412153,-0.4154788,0.3532947,0.2283878,-0.2958262,-0.75229156,0.2169472,-0.34200406,-0.74111116,0.17281492,1,0.354747512847788,0.712192761041133,0.240527677312301,0,0.329659630684838,1.95441478095042,6,1
96,26,19,223,-0.044739924,-0.6293225,0.16542533,0.038645558,-0.4309224,0.26635128,-0.06025304,-0.28513247,0.42749107,-0.2917373,-0.56550634,-0.018844707,-0.30273935,-0.31975064,-0.013537046,-0.26185423,-0.25300708,0.20521782,0.07017543,-0.15751275,0.053412355,0.30598366,0.07477048,0.20734654,0.612509,0.28021696,0.16308795,-0.023971656,-0.12279437,-0.013089847,-0.29614595,0.018104821,0.17070791,-0.31395608,0.37429297,0.27709693,-0.28482065,-0.7897711,0.18013665,-0.3326496,-0.77453804,0.13866386,1,0.313556016625806,0.710156080257889,0.798023813350557,0.070082419907802,0.330627325259801,1.80254595156692,6,1
97,26,19,224,0.047991134,-0.63537663,0.15810794,0.15318839,-0.4191785,0.16180399,0.12808475,-0.26104873,0.3431378,-0.26450488,-0.5980135,0.051843714,-0.28499874,-0.35126925,0.026583187,-0.21822777,-0.23652165,0.22158143,0.067597836,-0.15552393,0.041831437,0.26199377,0.09163408,0.23401725,0.56792164,0.29005066,0.14060672,-0.03773668,-0.13216579,-0.011070384,-0.29197463,0.013564736,0.19851813,-0.19818544,0.376848,0.16428734,-0.17929067,-0.8259034,0.2587983,-0.23840745,-0.8166402,0.23242503,1,0.584759721365591,0.703171133827841,1.25242298371572,0,0.329273299946598,1.98599809139553,6,1
98,26,19,225,0.03933644,-0.62836164,0.1602245,0.14660832,-0.4077,0.1610208,0.14008385,-0.2371912,0.33934814,-0.2718746,-0.59158844,0.036888316,-0.30724123,-0.34017253,0.037840985,-0.2990604,-0.2833195,0.27183932,0.06420752,-0.1552243,0.055887356,0.18186909,0.090850875,0.31364238,0.5014683,0.28370866,0.21919575,-0.036999017,-0.12887529,-0.006676128,-0.30730975,-0.022109397,0.21739092,-0.08356829,0.28164497,0.13886781,-0.20366533,-0.8114864,0.2571978,-0.2607265,-0.8017125,0.22548182,1,0.724375979603722,0.689822660318525,0.019160673688271,0,0.319743154255092,1.97225717508359,6,1
99,26,19,226,0.07966881,-0.62133425,0.124883026,0.17314553,-0.39558226,0.13046095,0.21785156,-0.21495596,0.2920457,-0.22498336,-0.592266,-0.005167269,-0.26459643,-0.34256756,-0.02359444,-0.35560727,-0.20600908,0.1524182,0.048495688,-0.14773464,0.061987273,-0.0744759,0.011720061,0.3776558,0.1433453,0.23908505,0.15998064,-0.043745667,-0.13016152,-0.008276655,-0.262079,0.09399916,0.18231334,-0.0031003803,0.34123492,0.045069873,-0.14984876,-0.8425218,0.19754958,-0.20761564,-0.82943827,0.16874453,1,0.881924892769,0.680892702326237,0.830481932445078,0,0.317820182360019,1.99999781615583,6,1
100,26,19,227,0.026104534,-0.64007735,0.13505527,0.121236704,-0.430769,0.21837552,0.10632837,-0.26611152,0.40078238,-0.22448161,-0.6107195,-0.08386619,-0.28479838,-0.37595153,-0.15767655,-0.45143542,-0.22762875,-0.06883137,0.052082364,-0.15539142,0.07220541,-0.05333398,0.06607735,0.35585153,0.21800302,0.27552035,0.18241644,-0.024109222,-0.12627405,-0.015373447,-0.070525244,0.21528776,0.110086806,0.2323403,0.4332375,0.016892731,-0.20414147,-0.84608,0.14585967,-0.25342387,-0.83632064,0.10333503,1,0.545277347337099,0.677071343545873,0.364172058109195,0,0.318300711191057,1.999257011076,6,1
101,26,19,228,0.026608057,-0.6171726,0.15152217,0.20439085,-0.45536745,0.1993013,0.23053233,-0.30708104,0.39450392,-0.23792838,-0.5944664,-0.044709746,-0.30614606,-0.37079346,-0.1439606,-0.4767375,-0.22886921,-0.051825933,0.046863697,-0.14886986,0.0767542,-0.20533922,-0.08821605,0.34979793,0.034221217,0.20586151,0.28127998,-0.015543259,-0.11990274,-0.021426715,-0.060789246,0.24092197,0.041403838,0.25095662,0.4408522,-0.06771676,-0.20321542,-0.80264205,0.2041659,-0.25498834,-0.7957349,0.16438241,1,0.480180139125036,0.677581883500699,0.014250685515803,0,0.323211690108962,1.97434803895157,6,1
102,26,19,229,0.023137439,-0.62290627,0.13516766,0.22119269,-0.48247212,0.13675588,0.30946583,-0.32537267,0.30217144,-0.2843003,-0.5704477,-0.016614232,-0.43588546,-0.36986774,-0.029994989,-0.5936015,-0.30297506,0.13813214,0.045929592,-0.15896943,0.084382266,-0.22760135,-0.21089864,0.32335168,-0.03879237,0.11425853,0.29535493,-0.019207183,-0.12331881,-0.009025872,-0.087050796,0.21720046,0.08059614,0.26776725,0.26977557,-0.03709563,-0.22465241,-0.8041614,0.20342942,-0.28064686,-0.78958917,0.1711916,1,0.469866448005414,0.678096580755944,0.577936550125013,0.246172544533232,0.320615272034887,1.81048958889294,6,1
103,26,19,230,-0.0038944557,-0.6091531,0.19379506,0.21379109,-0.49672306,0.21254759,0.33508158,-0.3534138,0.37427977,-0.29966092,-0.55567354,0.023219105,-0.44445372,-0.34645718,0.01489906,-0.6008978,-0.25665057,0.17754963,0.04723667,-0.1503064,0.0755638,-0.25076014,-0.1004195,0.29327834,-0.20854515,0.280662,0.2864952,-0.010694696,-0.12840232,-0.027575243,0.01799704,0.23465219,-0.025831733,0.37505,0.26429302,-0.16372152,-0.2688937,-0.7820338,0.2537467,-0.32153848,-0.76201165,0.21885969,1,0.386096433978576,0.675942402070908,1.98161038322513,0.054357685667148,0.324274093742679,1.94109772882251,6,1
104,26,19,231,0.028866736,-0.60727555,0.20748006,0.21987215,-0.46699363,0.2487393,0.27278808,-0.3007936,0.41670865,-0.22665241,-0.6119611,0.002628874,-0.35061657,-0.3973294,-0.023840036,-0.46738192,-0.24906912,0.11816179,0.035458412,-0.13513324,0.06512714,-0.2123102,0.057438478,0.25802386,-0.16417934,0.4074,0.3886391,-0.0044498537,-0.13528284,-0.046951406,0.012185898,0.19075531,-0.20021243,0.29227722,0.3935547,-0.35094717,-0.18768616,-0.7999083,0.2497488,-0.2370303,-0.79751277,0.20744532,1,0.473148197656582,0.675841838265875,0.006976547303992,0.313171874780724,0.3227383820059,1.97183654329608,6,1
105,26,19,232,-0.26478046,-0.5784833,0.009747751,-0.38925543,-0.45909542,0.17924768,-0.60943526,-0.35634074,0.15632509,-0.015019257,-0.6150097,-0.20703447,0.1921045,-0.4997558,-0.28876165,0.22060053,-0.3748427,-0.48995057,-0.02942706,-0.13503963,0.0703138,-0.25693977,0.07292469,-0.1338749,-0.21033254,0.34450653,0.12504199,0.07489613,-0.14906591,0.019290384,0.34407133,0.09298222,0.010296609,0.6475221,0.24714144,0.17659238,-0.31306046,-0.743021,-0.22490436,-0.26411724,-0.7521532,-0.2671101,1,0.427980260633313,0.681158517904912,0.003168465438892,0.164178049358093,0.33152878878901,1.98663931177192,6,1
106,26,19,233,-0.06739782,-0.61227524,0.1955759,0.0847609,-0.48019898,0.32143298,0.042720832,-0.3382554,0.5091686,-0.26842597,-0.56120354,-0.057370804,-0.2918599,-0.34679914,-0.17622873,-0.4029403,-0.1465144,-0.13166893,0.053254545,-0.14628941,0.063569196,0.16042723,0.12014358,0.28569958,0.5045587,0.25376737,0.3105136,-0.007971955,-0.1280498,-0.035561904,-0.3330483,0.009895489,0.0051940195,-0.2507017,0.3659507,-0.05692643,-0.3026478,-0.7710796,0.18372084,-0.34321195,-0.7652327,0.13329284,1,0.475980438151532,0.681786402405312,0.059096839594615,0.185560946009945,0.334175444342921,1.99325247440613,6,1
107,26,19,234,-0.06313905,-0.61658555,0.16405024,0.0640468,-0.44267073,0.2741289,-0.04248731,-0.3024736,0.44273025,-0.17605203,-0.59994346,-0.14514649,-0.14512171,-0.3823921,-0.26638344,-0.30390826,-0.20976208,-0.30447924,0.023751054,-0.14273375,0.08143732,-0.27107888,0.0800506,0.12923999,-0.09422119,0.41734552,0.12392321,0.029106373,-0.13343483,-0.036088444,0.17186384,0.20236364,-0.03794365,0.50964844,0.37450042,0.0048246644,-0.2644503,-0.8341127,0.081148155,-0.2880404,-0.8297993,0.020287996,0,0.418846438859812,0.688357030316136,0.002709475765598,0.456708939223049,0.337585292372881,1.98252598709572,6,1
108,26,19,235,0.098068595,-0.6380204,0.10148266,0.26056287,-0.46829173,0.13250554,0.31074923,-0.33770353,0.3258256,-0.20335534,-0.6423515,-0.046152554,-0.31170523,-0.42268938,-0.026100256,-0.2840271,-0.40572444,0.20488569,0.040172674,-0.15471807,0.07886557,-0.2461213,-0.015755415,0.2507953,-0.061753556,0.3030286,0.22130215,-0.013696648,-0.13090996,-0.02430986,0.102500476,0.20182438,-6.415695E-05,0.4312829,0.36210978,-0.054774098,-0.081734836,-0.8814453,0.14461118,-0.14046605,-0.8789412,0.11561169,0,0.502226643534589,0.688375147411992,0.135464313445277,0.322493364315566,0.335066345597096,1.98745943461933,6,1
109,26,19,236,0.06994954,-0.60389525,0.14506683,0.20454182,-0.40404987,0.1292214,0.27824467,-0.24250813,0.29589736,-0.24979426,-0.5814642,0.13169362,-0.2862414,-0.3486058,0.2171991,-0.21505183,-0.2791593,0.43315777,0.06678404,-0.1540255,0.04550167,-0.061917506,0.017683566,0.34744835,0.14967045,0.27662045,0.17188993,-0.026358582,-0.12564617,-0.016989809,-0.04458254,0.2138998,0.108741745,0.258057,0.23491319,-0.117511295,-0.08937099,-0.78811634,0.30495703,-0.15452212,-0.7843691,0.30008298,0,0.513311379078094,0.678977596387735,0.029794091767744,0.101271669834632,0.327039935038398,1.85393122529792,6,1
110,26,19,240,-0.016616479,-0.5446118,0.2354908,0.14543568,-0.36843187,0.2225284,0.2650454,-0.1723198,0.29604566,-0.2827705,-0.4898269,0.16952167,-0.22428519,-0.26550525,0.26065698,-0.062758505,-0.22683164,0.42564243,0.06882656,-0.14080165,0.03160556,0.1165754,0.120038345,0.2934035,0.41187194,0.34351838,0.21960294,-0.021200564,-0.11989401,-0.03599032,-0.31238583,0.065297365,0.085833095,0.0044988096,0.18014449,-0.08694468,-0.20676096,-0.6752149,0.3671706,-0.2669691,-0.65707743,0.3526563,1,0.398931287888533,0.664738523875071,0.021752651588825,0.156134990832977,0.315216846548516,1.99788677872938,11,1
111,26,19,241,-0.094042726,-0.49660727,0.23678723,-0.08141428,-0.29817122,0.33278692,-0.2665552,-0.20277362,0.4111072,-0.26250777,-0.47563076,0.09932225,-0.24629125,-0.24680863,0.12459785,-0.20683236,-0.20285377,0.33129868,0.06172948,-0.13212451,0.021481348,0.13275464,0.16097201,0.19399528,0.41064727,0.35494608,0.13662253,-0.012721762,-0.11848665,-0.04848754,-0.25591668,0.07929976,0.08786986,-0.17961559,0.4161381,0.072569,-0.26358646,-0.63931054,0.29828784,-0.31309038,-0.62956977,0.26140586,1,0.55296611246471,0.663669140411917,0.158800967849227,0.133048534287476,0.317575849170715,1.96938031767003,6,1
112,26,19,242,0.008874245,-0.5673137,0.18246672,0.15095116,-0.3857338,0.18684056,0.1174068,-0.25302273,0.37367326,-0.26421636,-0.50540334,0.12039152,-0.25565663,-0.267877,0.1513002,-0.1671252,-0.23333818,0.3546922,0.07081526,-0.14068148,0.025534295,0.25687462,0.08930653,0.2280117,0.52304745,0.32997787,0.19017549,-0.031857416,-0.113165386,-0.015849635,-0.26648486,0.053727232,0.18686862,-0.315146,0.410397,0.22520837,-0.19018814,-0.70974356,0.30525333,-0.24946018,-0.6946826,0.2871376,1,0.413683898940713,0.662250791392027,0.002888882197799,0,0.319828606211049,1.99937607176891,6,1
113,26,19,243,0.0062662736,-0.6066589,0.1448313,0.106983624,-0.4030273,0.19990253,0.014025107,-0.25208488,0.3538671,-0.25299782,-0.5603664,0.0053580645,-0.27136004,-0.31850082,0.0048217103,-0.264189,-0.25671467,0.22381105,0.06636608,-0.14518899,0.041410774,0.2576759,0.08022651,0.25154987,0.5219114,0.33345467,0.2632373,-0.032141246,-0.11775593,-0.012841704,-0.2807571,0.076574564,0.15189336,-0.34622726,0.43672094,0.18008925,-0.20696995,-0.7864585,0.1912012,-0.26047415,-0.7749719,0.15760972,0,0.432274529313803,0.659877860741502,0.06367029744067,0.125367865994024,0.319012250117896,1.91165467082481,6,0
114,26,19,244,8.3278865E-05,-0.6493639,0.15061243,0.064328626,-0.44397438,0.2568426,-0.08836468,-0.29448894,0.36839932,-0.20479393,-0.612129,-0.09773038,-0.25364658,-0.37415117,-0.14921285,-0.3308748,-0.3008412,0.05958809,0.053895403,-0.14947128,0.06300604,0.2576909,0.118572816,0.21594918,0.5638995,0.33470452,0.17406483,-0.029941237,-0.12888849,-0.021733189,-0.33079502,0.02551432,0.10759304,-0.48017412,0.3584503,0.20433757,-0.22498256,-0.85010695,0.09809713,-0.25667056,-0.84289235,0.041326836,0,0.370612438546887,0.658707763368309,0.000108565684335,0.110649230551241,0.319082683215392,1.97895910960308,6,0
115,26,19,245,-0.050590765,-0.6224781,0.1515919,-0.03791395,-0.4043662,0.24056362,-0.24571157,-0.30091223,0.28945002,-0.17597845,-0.5962259,-0.12735215,-0.15287371,-0.36203656,-0.19474882,-0.2999254,-0.24862146,-0.059146613,0.05084655,-0.14429116,0.06253641,0.22362173,0.14211799,0.21467261,0.5476008,0.32369748,0.19437212,-0.013459496,-0.12243878,-0.031619478,-0.3012515,0.05451422,0.093753606,-0.27844116,0.41276392,0.19431086,-0.25571904,-0.8119082,0.065023325,-0.27242196,-0.80677044,0.0027377978,0,0.148016115723522,0.651797958397665,1.28307606607306,0.135647183750061,0.314688232970057,1.49434028578768,6,0
116,26,19,246,0.01270779,-0.6095527,0.1329493,0.06328863,-0.3866697,0.17860729,-0.09524482,-0.24616088,0.27875644,-0.17895073,-0.59126365,-0.106093794,-0.15746039,-0.35110435,-0.12852606,-0.2007063,-0.22406112,0.054963797,0.044898953,-0.14232737,0.06438425,0.054696247,0.13657641,0.29525915,0.29736263,0.4010622,0.36554927,-0.012290138,-0.1227158,-0.032814357,-0.18552437,0.18687609,-0.017557874,0.012235001,0.4873017,-0.08908467,-0.16740496,-0.8421675,0.090230525,-0.20581573,-0.8381858,0.038908303,0,0.566812218006952,0.64975725935013,0.000854096920972,0.381636011630909,0.308717452087604,1.99050955080827,6,0
117,26,19,247,0.07593477,-0.6228394,0.110116795,0.13737592,-0.39590836,0.11792588,0.11617151,-0.20823757,0.2609223,-0.19307211,-0.6174618,-0.0708572,-0.19322218,-0.3733514,-0.07951813,-0.23553127,-0.24577828,0.108139046,0.05031587,-0.15009764,0.059645697,0.061592992,0.14895722,0.26317382,0.38693833,0.30086264,0.18445024,-0.026635775,-0.13102701,-0.023986014,-0.16408828,0.1825425,0.06525369,0.09625086,0.4224856,-0.03601303,-0.1202829,-0.8754577,0.12622133,-0.17030387,-0.873273,0.08494075,0,0.470588637068648,0.646958964913063,0.00153071964106,0.225247049507608,0.304347109285378,1.98855332199332,11,0
118,26,19,248,0.08889532,-0.64203423,0.07988291,0.13838091,-0.41643107,0.11600275,0.070104085,-0.28625923,0.29985747,-0.1881603,-0.6227411,-0.09221272,-0.20482025,-0.38298255,-0.05803301,-0.23736064,-0.32681912,0.16226862,0.04540867,-0.15578997,0.068145335,0.003559824,0.10741505,0.30820805,0.31736708,0.22010061,0.16198643,-0.033930346,-0.1329351,-0.012604258,-0.22141694,0.10893698,0.15777516,0.052211627,0.3440019,0.10445477,-0.11657367,-0.88319457,0.08515579,-0.16772136,-0.8753042,0.04564909,0,0.552066050647662,0.637351956899103,0.225422928371858,0.139737961863956,0.294199225502256,1.99659509914024,11,0
119,26,19,249,0.11606462,-0.64444757,-0.010043737,0.1976909,-0.4254339,0.024057701,0.26417938,-0.30426145,0.21824366,-0.21310651,-0.63083994,0.043066245,-0.22073075,-0.39664853,0.11514956,-0.09705293,-0.3214052,0.2982354,0.06830154,-0.16861075,0.043882515,0.1040739,-0.049373455,0.38058662,0.2375333,0.22821668,0.1838369,-0.04281701,-0.14070216,0.033604354,-0.045814198,0.060497746,0.3198052,0.13619323,0.28313512,0.093433425,-0.042971037,-0.91582245,0.08752413,-0.10796403,-0.9072211,0.09359086,0,0.598043317698778,0.631334811798638,0.04556874194667,0,0.29085074992554,1.98697889407377,6,0
120,26,19,250,0.0018564705,-0.59702635,0.07391085,0.03605925,-0.3756486,0.10649598,-0.11157787,-0.20973179,0.1590052,-0.12861112,-0.5434819,-0.1846559,-0.114478715,-0.3093207,-0.15660967,-0.2273146,-0.1829054,-0.013966307,0.02506308,-0.14395797,0.07315001,-0.070803404,0.17793055,0.1779742,0.1660639,0.43669194,0.14973198,0.002063212,-0.11869262,-0.027982997,-0.092290506,0.19998744,0.064786665,0.14045404,0.45412296,0.1431827,-0.16782273,-0.82156396,-0.032751363,-0.19376245,-0.8107738,-0.089898214,0,0.53038465964229,0.636540852302124,0.004447574867068,0.407194381124222,0.293483145562266,1.9504711721119,11,0
121,26,19,251,0.07229227,-0.64085156,0.03876339,0.193277,-0.43602246,0.044891227,0.2653266,-0.2931301,0.2234152,-0.2593424,-0.6053466,0.039739322,-0.31299946,-0.38794255,0.14367482,-0.26575392,-0.31833932,0.36254126,0.06806532,-0.16886908,0.0577417,-0.00081894547,-0.08849198,0.4042138,0.22299007,0.20183223,0.35959676,-0.030634833,-0.12948036,0.009788312,-0.10732611,0.1772839,0.16822127,0.14840703,0.29284793,-0.07262406,-0.09900784,-0.8703239,0.15281975,-0.16414012,-0.86388683,0.1507965,0,0.338446530567864,0.638694368060951,0.034418811934733,0.212736369647117,0.294913574616844,1.97739827414022,11,0
122,26,19,252,0.109415054,-0.60149854,0.10640435,0.23022814,-0.39888483,0.06585759,0.357821,-0.23751208,0.19157988,-0.21029572,-0.5875609,0.09229812,-0.2912057,-0.3548496,0.124399945,-0.33494565,-0.23614903,0.3221193,0.06042416,-0.13924706,0.03283481,0.14912523,0.14098135,0.25550473,0.41031355,0.3812729,0.13434097,-0.04552673,-0.1254192,-0.011447496,-0.26802555,0.064652085,0.2005847,-0.20911677,0.43348086,0.15822093,-0.05137562,-0.80916184,0.25872624,-0.11555574,-0.8072045,0.25081187,0,0.326696713786142,0.640987677259404,0.226845305395959,0.068992084641455,0.299607239394262,1.99905750775829,11,0
123,26,19,253,0.098231815,-0.6094734,0.09658106,0.27087218,-0.44646147,0.09307726,0.43991905,-0.34760654,0.22954862,-0.21576342,-0.5755951,0.09856534,-0.27260005,-0.3383736,0.13223349,-0.2576876,-0.24544573,0.34430826,0.0676701,-0.14189169,0.025666054,0.2567131,0.07996373,0.24754511,0.52039635,0.30709243,0.11670287,-0.04548676,-0.12054525,0.003167268,-0.24228744,0.034028843,0.26084042,-0.25843823,0.405353,0.23376699,-0.061004538,-0.8128732,0.23897009,-0.12516037,-0.80647504,0.23578945,0,0.330592879377219,0.634824998042762,1.9819256589237,0.296070479446373,0.302423670634712,1.98080901022553,11,0
124,26,19,254,-0.2307379,-0.5720989,-0.041330088,-0.35546434,-0.37369984,-0.008686377,-0.50127596,-0.28266838,-0.17433077,0.054335468,-0.59893465,-0.17990091,0.20354792,-0.40688264,-0.21538018,0.24704644,-0.2794562,-0.40486762,-0.039774336,-0.13365927,0.059061453,-0.23625608,0.13366091,-0.09268548,-0.32459193,0.48533687,-0.020310428,0.06763567,-0.14147155,0.024091765,0.27933124,0.14654168,0.0107984515,0.4933452,0.36808765,0.21719308,-0.20628655,-0.7805284,-0.23968661,-0.14933382,-0.78710806,-0.2693533,0,0.406150578755269,0.633149587822508,1.84437395435817,0.097177926071096,0.30700066915067,1.92521122648517,11,0
125,26,19,255,0.13776582,-0.625961,0.057686195,0.30036092,-0.4494742,0.056467257,0.4741165,-0.318243,0.16080353,-0.18758893,-0.61753404,0.10055381,-0.25264275,-0.38568276,0.16186413,-0.19096254,-0.28689554,0.36635983,0.064922705,-0.1449683,0.020306341,0.28756618,0.065529525,0.2231939,0.5184504,0.36085626,0.22111231,-0.053156883,-0.13008544,0.02060459,-0.2138968,0.061588496,0.27906486,-0.26763958,0.38380712,0.09403752,0.0028969012,-0.8507873,0.20863008,-0.061468553,-0.84580326,0.21656162,0,0.295899542232913,0.635974075276799,0.067543241188947,0.351336040378466,0.30414339927822,1.95520488050247,6,0
126,26,19,256,0.08046848,-0.63402146,0.113483325,0.24476804,-0.4602728,0.14408082,0.36272162,-0.324794,0.30691117,-0.23160966,-0.6077669,0.019779256,-0.27034527,-0.3658071,0.06744141,-0.25259012,-0.32436192,0.29919326,0.06357849,-0.14753555,0.04673697,0.16892353,0.076441854,0.32256785,0.44345224,0.3355796,0.34541726,-0.03500321,-0.12676902,-0.017852547,-0.27767894,0.13395257,0.051408976,-0.20199582,0.4702313,-0.105593026,-0.10869534,-0.85865104,0.18559489,-0.17055403,-0.8519484,0.16691223,0,0.500190184555487,0.634652465199302,0.031998337106048,0.251044116766602,0.301753521707275,1.95338649944335,11,0
127,26,19,257,0.062935956,-0.6297835,0.15491134,0.21793687,-0.44985068,0.20132798,0.32137161,-0.31542888,0.37618476,-0.22649607,-0.63022655,-0.012758037,-0.34172353,-0.4095232,-0.04099843,-0.46910906,-0.31653124,0.13686751,0.055025764,-0.14984424,0.061955757,0.18031168,0.16197057,0.21776223,0.5240598,0.31546795,0.17229474,-0.024235386,-0.1303389,-0.026016995,-0.31961027,0.00798668,0.13169469,-0.09413813,0.30529964,0.20151368,-0.13621008,-0.8591734,0.20056397,-0.1904692,-0.85904646,0.16392246,0,0.446445411613395,0.632077639452064,0.152016368655102,0.251170545267162,0.298647394882549,1.95245330235655,11,0
128,26,19,258,0.07770955,-0.63097835,0.12330833,0.21408099,-0.43802458,0.13145415,0.26057667,-0.2804947,0.30380732,-0.19355631,-0.6338847,-0.06151555,-0.28003758,-0.407053,-0.025826529,-0.35149175,-0.40117976,0.19504398,0.034916624,-0.14886606,0.07373306,-0.24804984,-0.02032873,0.26122275,-0.035402104,0.2812763,0.24954022,-0.0112276785,-0.13159895,-0.031623162,0.041551564,0.21903318,-0.04663565,0.3726641,0.37106246,-0.11012153,-0.12068941,-0.8598316,0.1536306,-0.17263809,-0.85659283,0.1145181,0,0.413122959522201,0.631654184533907,0.092666498673062,0.132818486881864,0.299361799177997,1.9853360410757,11,0
129,26,19,259,0.09449594,-0.61176145,0.116193995,0.20353112,-0.39556694,0.10451169,0.2772804,-0.21400042,0.25057733,-0.20696783,-0.6179878,-0.006193266,-0.26919818,-0.3852024,0.066175476,-0.29853058,-0.27652222,0.27613348,0.041432228,-0.142404,0.06687988,-0.21014331,0.08740181,0.21926746,0.015818536,0.38869712,0.15985323,-0.010085051,-0.12945673,-0.036969915,0.084064394,0.22313334,-0.058679566,0.4181147,0.38777313,-0.14348316,-0.08027037,-0.86480486,0.17296416,-0.13975708,-0.86356604,0.1459634,0,0.494720802777472,0.630805520195206,0.00274725495842,0.336869390504554,0.294495409345039,1.99859474510877,11,0
130,26,19,260,0.028000358,-0.5959348,0.12103282,0.06419253,-0.3916759,0.23294401,-0.13650869,-0.3329507,0.34501442,-0.11644599,-0.5952996,-0.14187528,-0.2421757,-0.39032024,-0.19027103,-0.41203249,-0.40437946,-0.035798207,0.020264775,-0.13307784,0.07577018,-0.2022074,0.13787311,0.18746856,0.116827294,0.3277321,0.17275064,0.00716304,-0.115509026,-0.035071667,0.0044987975,0.24608493,-0.032986835,0.36628932,0.33401632,-0.051636357,-0.11254791,-0.8311591,0.05419436,-0.14313176,-0.8312683,-0.0022211513,0,0.390894433628994,0.629582927923034,0.014058518735216,0.152175291761109,0.293126063237099,1.99395383667396,11,0
131,26,19,261,0.054120835,-0.6083844,0.14416188,0.16939516,-0.4061439,0.19759126,0.08721338,-0.25763538,0.36753923,-0.20147012,-0.5955885,-0.03861264,-0.27583608,-0.3589279,-0.04411045,-0.3416856,-0.2862025,0.16807066,0.03676319,-0.13757837,0.06790443,-0.16828135,0.09103449,0.2718466,0.15213433,0.24434529,0.15283012,-0.021129763,-0.12347933,-0.032201942,-0.16532618,0.20590243,0.0038912985,0.18527882,0.24922854,-0.12342286,-0.1304397,-0.8277736,0.17175138,-0.18321934,-0.82826924,0.13385682,0,0.301183794844309,0.632864908033077,0.14227243019993,0.094121058184683,0.296917247960626,1.94665781218091,11,0
132,26,19,262,0.08454024,-0.6285733,0.1109824,0.15565082,-0.41116032,0.15286812,0.044396743,-0.28339598,0.31403673,-0.22182032,-0.6152172,-0.017889481,-0.2639892,-0.3780287,-0.0028368086,-0.21961668,-0.33403134,0.21760885,0.050446212,-0.1615469,0.070282154,-0.05863442,-0.031570733,0.3785518,0.18795425,0.11670242,0.1657266,-0.040605992,-0.1349712,0.000809622,-0.22122379,0.083018735,0.19459055,0.05292572,0.15971677,-0.023082718,-0.10812928,-0.8636135,0.16735463,-0.16674587,-0.8620304,0.13763268,0,0.165094179006451,0.63348021762439,0.19965126932871,0,0.296866134749905,1.63583116451563,11,0
133,26,19,263,-0.054352712,-0.54505956,0.1702008,0.07525995,-0.3506468,0.20351157,-0.051468335,-0.18272859,0.31251556,-0.2651627,-0.49357596,-0.031732112,-0.26164183,-0.24994954,-0.06358095,-0.3603236,-0.19340113,0.13648847,0.048283637,-0.13231006,0.061740194,-0.059750967,0.09198627,0.3297537,0.21626687,0.19069794,0.10476358,-0.019920414,-0.10943522,-0.027165681,-0.32214445,0.04717026,0.088674664,0.012556791,0.17780547,-0.0033879355,-0.29652503,-0.6774479,0.20498009,-0.3420725,-0.66808593,0.16018504,0,0.270029993076875,0.634135204221449,0.023662976490769,0.062253022442284,0.298597267719835,1.99966137927789,11,0
134,26,19,264,-0.0999552,-0.57377315,0.13520871,-0.017282315,-0.37337285,0.19512124,-0.16584575,-0.20755926,0.15625192,-0.16681984,-0.5439652,-0.14779978,-0.14762706,-0.3103146,-0.14242919,-0.269547,-0.22104982,0.016914472,0.013454891,-0.13701993,0.07306363,-0.24005106,0.06336686,0.20318809,0.087328345,0.15456961,0.28110486,0.021220203,-0.12535778,-0.03612384,-0.092231676,0.16716269,-0.17081428,0.2303688,0.29696685,-0.13105547,-0.26768142,-0.7878299,0.024767358,-0.27723473,-0.7832717,-0.038160823,0,0.230155082932099,0.636487699191435,0.255932380422992,0,0.303160950534778,1.9999996524403,11,0
135,26,19,265,0.044120975,-0.5993464,0.12350468,0.12581706,-0.38286906,0.15039766,0.048989438,-0.20451123,0.28149074,-0.23040038,-0.56099546,-0.003152398,-0.22554295,-0.31896275,-0.0014345311,-0.20934945,-0.19228935,0.18721366,0.059163578,-0.14513959,0.046871267,0.14842495,0.07226643,0.3189036,0.41530094,0.30288318,0.23436464,-0.032473773,-0.121932305,-0.016139481,-0.27548465,0.09375049,0.12013708,-0.18678823,0.43579966,0.033739362,-0.15509659,-0.82034975,0.17331657,-0.21087733,-0.8148395,0.14172876,0,0.279270137580061,0.641465337592157,0.002517278727223,0.117205442437963,0.309992299171163,1.86426550955266,11,0
136,26,19,266,0.055500947,-0.6246188,0.0459228,0.14940876,-0.41385823,0.054175876,0.11489572,-0.2479315,0.21291456,-0.24140123,-0.56484544,0.030044883,-0.21516237,-0.32627946,0.027249731,-0.12807846,-0.22968537,0.21122512,0.07188006,-0.15196314,0.017947624,0.29065073,0.058739737,0.20768489,0.5348696,0.31664062,0.14768487,-0.03476541,-0.12130867,8.468097E-05,-0.15123771,0.17122038,0.15490992,-0.15072106,0.5263721,0.08861641,-0.1196564,-0.8354252,0.15054297,-0.18264067,-0.8255806,0.14489809,0,0.173305999835341,0.639618020435572,0.087394253019556,0.059730487897283,0.308111886473941,1.9848167009498,11,0
137,26,19,272,0.10105628,-0.6043772,0.0839843,0.17182109,-0.381714,0.10101463,0.12525877,-0.2162148,0.26298803,-0.11722823,-0.6036959,-0.13495423,-0.18876126,-0.37068295,-0.14233069,-0.34925523,-0.3062955,0.008332983,0.022419553,-0.14140208,0.07212668,-0.2039207,0.11892237,0.18956147,-0.01920931,0.43675998,0.18049936,-0.015064571,-0.123915605,-0.030988777,-0.062445402,0.22383499,0.034868084,0.21801394,0.46274054,0.016966788,-0.05479557,-0.8678464,0.04885958,-0.10017585,-0.8665841,0.0032773754,0,0.347743971762979,0.634210992214892,0.000973233035521,0.149106088932553,0.296948615013541,1.99796955364114,11,0
138,26,19,273,0.025847664,-0.63837683,0.12003273,0.008045593,-0.41693687,0.18471071,-0.18942149,-0.30154777,0.14085978,0.026423031,-0.59993255,-0.1954519,0.018052274,-0.35945594,-0.19261356,-0.1713621,-0.27155054,-0.10420509,-0.0097693335,-0.14995366,0.081172995,-0.15661792,0.1654069,0.15997656,0.14271688,0.35493344,0.22740078,0.010128975,-0.13224709,-0.02935105,-0.028037187,0.21320248,-0.05496116,0.29482225,0.36684334,-0.0022978224,-0.06120386,-0.8871891,-0.044613443,-0.058940444,-0.88119155,-0.108819455,0,0.505474808109375,0.63163623216932,0.001702861765794,0.131864573822706,0.295163881158444,1.9997376754358,11,0
139,26,19,281,0.057573494,-0.6347117,0.11390129,0.12553912,-0.43005872,0.20118017,-0.023853749,-0.34542912,0.35974187,-0.21257389,-0.5769857,-0.06748584,-0.29047644,-0.3497677,-0.09005158,-0.4433344,-0.2306185,0.030799836,0.05195673,-0.14557512,0.057752613,0.19844855,0.06811555,0.29754207,0.49521673,0.24311215,0.1963627,-0.03867314,-0.12989932,-0.016205188,-0.3212317,0.059362873,0.042744845,-0.46183702,0.38656947,-0.0074007623,-0.17154548,-0.8402537,0.11729599,-0.21843052,-0.8342445,0.072787896,0,0.208033317454264,0.648647405589021,0.061378969321541,0.10467739295248,0.312259185900661,1.98870415396783,11,0
140,26,19,282,0.13756496,-0.63870674,0.038584292,0.22167665,-0.42268527,0.026181413,0.20899922,-0.3338729,0.24127103,-0.19518808,-0.6217272,0.111961186,-0.24721578,-0.4014908,0.19318256,-0.17855048,-0.3488429,0.4044087,0.06512179,-0.15660472,0.026598949,0.2886755,-0.03249625,0.26569518,0.5083673,0.22019503,0.1425294,-0.05376283,-0.14180937,0.03090569,-0.23935315,0.04379499,0.24887973,-0.33369347,0.33135208,0.059548616,2.2176653E-05,-0.8589694,0.21788085,-0.065107055,-0.8607136,0.2194757,0,0.075057022232316,0.646136317795298,0.074547817569727,0.072765459928194,0.307838838602823,1.99997748937787,11,0
141,26,19,283,0.14586449,-0.6320461,0.006262403,0.22690032,-0.41692048,0.03956857,0.21474111,-0.30075973,0.24135181,-0.18585044,-0.6548445,0.065643355,-0.26348245,-0.5217356,0.2502344,-0.2049281,-0.56664556,0.4663061,0.06464723,-0.15869033,0.03997934,0.29329702,-0.02287981,0.26731348,0.52320373,0.22907032,0.16311455,-0.05469212,-0.14368865,0.037906714,-0.2566272,-0.05027762,0.29622394,-0.3467161,0.2916311,0.24810916,0.00657019,-0.87350714,0.14791624,-0.0582891,-0.87658775,0.14333381,0,0.157869228881087,0.639144172348041,0.002735141035352,0.071019640744931,0.298672073474603,1.97237811430202,11,0
142,26,19,284,0.13202207,-0.6452405,0.014236699,0.19904983,-0.4300962,0.026365183,0.20025264,-0.32215714,0.22560494,-0.20919283,-0.63986015,0.039355636,-0.24335639,-0.4321798,0.14154403,-0.192054,-0.44984013,0.3571332,0.06341807,-0.16208264,0.037869465,0.29455987,-0.030008525,0.2472652,0.5118314,0.07234362,0.0014213771,-0.051497627,-0.14432584,0.02080584,-0.29153332,-0.029560886,0.21514584,-0.3327706,0.25402272,0.024992034,-0.026887529,-0.892851,0.13561805,-0.09148135,-0.8911582,0.13090886,0,0.310398210903096,0.640135455211174,0.153785139561611,0.281370005026036,0.293843759528836,1.81880460188585,11,0
143,26,19,285,0.15773226,-0.64436287,-0.0047314297,0.21775153,-0.42909998,0.04231114,0.1830534,-0.3712987,0.26133785,-0.18775526,-0.65963674,0.03274168,-0.24842516,-0.47671527,0.16989511,-0.15261182,-0.51441,0.37023067,0.060640242,-0.16848734,0.051265005,0.24971142,-0.06904984,0.3166169,0.44502756,0.18028416,0.17465997,-0.05781387,-0.15537164,0.041965947,-0.26953712,-0.05923575,0.27724943,-0.21014214,0.21849456,0.077726856,0.0056128297,-0.91413534,0.103723034,-0.059740696,-0.9140112,0.099075004,0,0.311071182492518,0.636611770735179,0.000831687457202,0.240211555244843,0.28579488901642,1.99936678543647,11,0
144,26,19,286,0.11106929,-0.559019,-0.11833735,0.14532709,-0.3695349,0.0036955401,-0.008319706,-0.3191473,0.16748454,-0.1340552,-0.46613812,-0.25464746,-0.12619239,-0.2796245,-0.10726999,-0.20425977,-0.29780853,0.10219718,0.034067586,-0.1668207,0.087324515,-0.078201726,-0.008553207,0.3798815,0.089128405,0.29855397,0.42279142,-0.038129836,-0.12009229,0.023945738,-0.2105318,0.023343764,0.28456515,-0.020754337,0.30425584,0.38597816,-0.050453927,-0.7833112,-0.26064536,-0.099857196,-0.7625197,-0.29539317,0,0.284845951033655,0.631673384007553,0.007062092044552,0.21297511126651,0.276382205552323,1.99537367543876,1,0
145,26,19,287,0.1102203,-0.6084927,-0.04509435,0.16454108,-0.42244434,0.0693027,0.12958774,-0.4239921,0.29370832,-0.18814865,-0.565997,-0.085756615,-0.1667006,-0.35850692,0.022076227,-0.16123918,-0.41172445,0.23731059,0.050668225,-0.15340027,0.053599883,0.016614642,0.01935111,0.34926102,0.025565475,0.35656056,0.42132822,-0.05071322,-0.13480952,0.024344236,-0.13689396,0.0133434385,0.31347105,-0.05310645,0.33387938,0.41404283,-0.063165136,-0.8562119,-0.027799428,-0.12586038,-0.847612,-0.039524276,0,0.271373062017721,0.633569768607475,0.023269377984775,0.313273436078441,0.272606412444288,1.99856303358832,11,0
